ID,Emotion
vlvyvlvywu.jpg,5
xzhzduujjb.jpg,1
mwuenemtet.jpg,2
bkckzwkzde.jpg,3
doybvlwefm.jpg,5
wdktumnblt.jpg,0
cdfxgrqkye.jpg,3
whuqponhac.jpg,3
bqhvhqhouk.jpg,1
ibmpevoohy.jpg,2
lgslnthcla.jpg,4
ycndvvxnum.jpg,0
oiinneitnz.jpg,0
oyqsctkkuq.jpg,0
wmegktmqpu.jpg,0
qgtqmzgkkq.jpg,2
chaqhdxzdg.jpg,5
mgiasvqlte.jpg,2
qihksgvymi.jpg,2
mzxjcypgjb.jpg,1
lwjsrsctkb.jpg,2
dpoprgyvyf.jpg,0
vnbcutwbly.jpg,4
wrdsqjtaib.jpg,2
gfpeovslxx.jpg,2
bzlfgspobq.jpg,5
zqbejqifse.jpg,4
obyllrhhgd.jpg,2
imyvtxcmim.jpg,2
jbcvfhcluh.jpg,5
fkoffqhnnm.jpg,5
cjfsqgxafz.jpg,3
llvdgecylj.jpg,5
tozyyfkprs.jpg,2
bdhzqrxgby.jpg,4
wrpduucjiy.jpg,3
bblhbkpavy.jpg,5
vthqnnplhu.jpg,0
ybdcarjxva.jpg,5
bfwvyahcji.jpg,4
monsewmsbn.jpg,5
rdpcztardd.jpg,3
djljbzktmj.jpg,5
dhtnptmgnb.jpg,0
mjbstwmmel.jpg,4
bxcgagosgl.jpg,2
efgrjmzigr.jpg,1
qoksfivfsd.jpg,1
ecxqhzpofr.jpg,5
pwyujifuub.jpg,5
opppniyihg.jpg,1
caslqysgse.jpg,4
nhchcbykjg.jpg,5
ufembfuess.jpg,2
egpxvwsipp.jpg,3
glhunqovud.jpg,0
trezikaayi.jpg,4
nblhdcjnob.jpg,2
cifmzvfmtb.jpg,4
goacfknifo.jpg,2
ctjfvnqtrp.jpg,2
dxadoklbpe.jpg,3
luzwgmrjum.jpg,5
wfzsphhaxy.jpg,3
owqtpztghg.jpg,2
otwxvefxdk.jpg,3
jqskmiihco.jpg,2
upabzrimot.jpg,5
golshpbhdv.jpg,1
czqaacjhpr.jpg,3
sknawjhjnk.jpg,2
apixefqlei.jpg,2
iytxuigrcf.jpg,5
mpfkproaur.jpg,0
oehbfwwgsp.jpg,2
ywsecoripv.jpg,2
jiujqecfec.jpg,5
ainguztyvx.jpg,4
cvitxrzveg.jpg,5
uwctsnerht.jpg,3
hymnafloax.jpg,0
lvrynhbwvy.jpg,0
vijvtcmlpe.jpg,4
tulnybujtw.jpg,2
yybwelcsjr.jpg,2
vvvotifkxl.jpg,3
vkrxhckejn.jpg,0
kusdhwzdph.jpg,4
mjzlfairyn.jpg,2
dmatoizmlp.jpg,4
fsgjejahxq.jpg,2
lvjrglyboj.jpg,0
nfdsafnfwp.jpg,5
pybdwstahb.jpg,2
hksuboqlfx.jpg,3
kyqbgpbhwq.jpg,3
wqfespmgmt.jpg,5
icgwlfqyka.jpg,5
oumqwhtozl.jpg,5
qbbpyykgqn.jpg,5
hodasetcbl.jpg,3
ihvczpanyy.jpg,1
mywljbouqd.jpg,2
gzgoiffotp.jpg,4
dddldlschm.jpg,3
hcwuqoscsy.jpg,3
jdaekuusuw.jpg,5
wktjohjoax.jpg,5
ncezudqwhy.jpg,0
tdtbzmughf.jpg,2
ivgyqnnrwb.jpg,5
gooebhcogy.jpg,1
tbbojrlhym.jpg,2
dhzmvluxxg.jpg,5
slbyrjogpn.jpg,0
fzewadldnk.jpg,2
exfkqebgmv.jpg,5
qfgpsstksw.jpg,2
fkpwtwkxsm.jpg,0
yndhashorm.jpg,0
cyokgvdhas.jpg,2
hjonjxmgny.jpg,5
gwgtvdotlt.jpg,2
zikeybvoci.jpg,3
rkbjbuwdim.jpg,5
keptgspupp.jpg,3
xazqroaooa.jpg,2
uodiiawlke.jpg,0
cuorpzlfcq.jpg,5
zkblmumpcb.jpg,4
aufgwwyxsq.jpg,5
gatwtlvusu.jpg,0
wnnjseeigx.jpg,4
hkwtpphbrp.jpg,2
fgzdgonsyl.jpg,3
uwhmcpuxfs.jpg,3
qwkyqqzuhn.jpg,1
lpngtazptz.jpg,3
yydjdwlvzx.jpg,5
nhdwienfdg.jpg,2
ntfbitbnhb.jpg,2
aebnkxtngb.jpg,5
luqxksppdt.jpg,2
sesfwffdge.jpg,0
kklzfljiyx.jpg,3
qizfajcyns.jpg,2
vidlgrfcvp.jpg,2
bhjywifols.jpg,3
dloblvteww.jpg,5
naepkpumua.jpg,4
hpajfcghep.jpg,2
uyslowkwgo.jpg,4
fusogjecmo.jpg,3
bpoynvsynn.jpg,4
tupspivamx.jpg,1
aqrojtdbgo.jpg,2
mpzdmkhywn.jpg,5
fajgtomdbt.jpg,2
epqwipyoql.jpg,3
rljldayqfs.jpg,2
ovwqkrmqeg.jpg,5
tyeixfdune.jpg,1
ookshzoown.jpg,1
mgsjtgigpi.jpg,5
kzyfuqxpow.jpg,5
mtvyltbnkq.jpg,4
cgqcrcuyfh.jpg,1
eolyeqjump.jpg,1
tpmbcbwvwo.jpg,2
vclbghutvf.jpg,5
omfnasnxla.jpg,2
wqxofpiarb.jpg,0
pmrazmzhqe.jpg,5
ifbizhkqrn.jpg,2
bfloxibnjb.jpg,2
seitfvgcen.jpg,2
xffnbkfprj.jpg,1
oqhqgtixli.jpg,5
scvzgfdyko.jpg,5
lswrppbetl.jpg,2
etxhowmfeo.jpg,3
fzhrtlmwlk.jpg,5
eiccakbupt.jpg,2
cysahtgndz.jpg,1
vlqomzhfmt.jpg,0
ijxrhwxhbd.jpg,3
bejuzxclye.jpg,5
czeytctrtw.jpg,3
ludizrakmc.jpg,2
nkfvelzidg.jpg,2
ecrnbznalg.jpg,2
aiknykoerb.jpg,1
esyfrgaibn.jpg,3
toobbniamd.jpg,2
kigayrrgar.jpg,0
xtsqdoqplh.jpg,2
czgqidfypo.jpg,2
dnjcqywahm.jpg,3
flafwdzybw.jpg,5
rmcoyolswy.jpg,5
gvukpktkxa.jpg,0
dlzxwupghf.jpg,0
tvyrfdisgw.jpg,3
lmxmwzfvrq.jpg,5
utsqverfij.jpg,2
qphhbjisas.jpg,2
ticvknavzt.jpg,4
verxaarneg.jpg,5
iaswtiarrx.jpg,5
jeyigritil.jpg,5
aoqifekxey.jpg,5
gpxjafgnht.jpg,3
iahwixbcti.jpg,4
nkzuymtizt.jpg,2
tlioycgmqp.jpg,2
gksizfhguv.jpg,2
aonmvusgwu.jpg,0
esafnthjgz.jpg,5
wppataxbws.jpg,2
nwytqfojpt.jpg,4
ebmxnxegnm.jpg,5
vceqeobyri.jpg,3
gzfyhbvmxm.jpg,3
oknyznvetx.jpg,0
brgmquksrr.jpg,5
ropzjizlke.jpg,2
igmxqyhiup.jpg,5
vulbycjyde.jpg,3
woxqilzvfd.jpg,3
xzdsctdqlg.jpg,3
iqjuerbtqy.jpg,5
rguntmliec.jpg,2
keqmuklyvw.jpg,0
dowfhzfung.jpg,2
kyjvsptpwa.jpg,2
diaycyxioh.jpg,5
ubapwwmnbx.jpg,2
crszminjzj.jpg,5
spuzykpbnf.jpg,2
kcjvowvkyi.jpg,3
gnmkifcxql.jpg,2
tifvjnvmpt.jpg,2
ovjkzdhxbl.jpg,2
qlryfwnera.jpg,5
hageigkedc.jpg,3
ldylyisclc.jpg,5
rsiwrfdcvs.jpg,0
fdiyyoroci.jpg,3
pycqwjhwye.jpg,4
ndlnigzpvp.jpg,5
zzffdesroo.jpg,2
yxwxzxhquz.jpg,4
xvsrpezkwm.jpg,4
fqzqtvwzwn.jpg,3
rykkfihcuj.jpg,5
nikjrjvyuq.jpg,0
qkchefwvia.jpg,3
yacexhbzjc.jpg,5
bimeixvbgk.jpg,5
zpdclfejou.jpg,1
ciyahxsfgh.jpg,1
ybkedyqgef.jpg,1
jnjapstwqo.jpg,0
hwguutppwq.jpg,5
uaeomtccfa.jpg,4
kdevkmsysw.jpg,2
zsdrfgrslp.jpg,5
wreieglecg.jpg,2
fzkafwjxyj.jpg,3
rnwbktrkqi.jpg,5
oepnobwnzy.jpg,3
qxacetqwed.jpg,3
xtcosikabn.jpg,4
rquyoykccc.jpg,5
dwcbkyjnup.jpg,2
yxaeknmuox.jpg,4
azqgjaueyv.jpg,5
azsdzkdpet.jpg,1
jnglsrjgwt.jpg,5
epwjvrajkm.jpg,2
njxtiguxbo.jpg,5
rapdzanzex.jpg,3
kmtiqvsjmj.jpg,3
zjtmfvpcoy.jpg,2
azwwhqwbxc.jpg,3
cvwsaoyueb.jpg,3
atnfrvzxfs.jpg,2
zdjbydxrov.jpg,5
uiswaxonwc.jpg,3
sosfdzhlfe.jpg,4
zapntcubjc.jpg,3
gcxcinmkjn.jpg,5
wvddwqpddj.jpg,5
rlwdpjkrcc.jpg,2
sekvjuhovg.jpg,2
yexofehwub.jpg,0
oqzifancpq.jpg,4
waudulyoaa.jpg,2
soswtobppc.jpg,5
cbhvzrmark.jpg,3
gkgghtkenk.jpg,3
teridkijil.jpg,4
cdbeqhqfvu.jpg,5
vnprelgdpu.jpg,5
afeqgoospp.jpg,5
wkutunxnhe.jpg,3
rbuliukxbt.jpg,4
jtlvcepfjt.jpg,5
okyynckkfv.jpg,1
nsdmuyfena.jpg,3
hhqguowpmp.jpg,4
fadxqjsyle.jpg,5
hdvcqlsekv.jpg,2
fgbjlxrxip.jpg,2
xmiycorjyo.jpg,2
futjsweapx.jpg,0
jdsclnbqmb.jpg,3
mohcyplbrq.jpg,4
yszvaaozkx.jpg,1
dlusdoqeft.jpg,0
laanvybemd.jpg,2
rpwgmzuhqm.jpg,3
gxwreojtpq.jpg,5
mzgwykukrz.jpg,2
yinkahmbfw.jpg,3
gkitysrdyy.jpg,5
elahwsrszl.jpg,2
ujuztduspd.jpg,5
ofcebuynko.jpg,3
umwejkrzuf.jpg,5
cjptofhaeg.jpg,4
jzruxtaifh.jpg,2
vgzkcbgatz.jpg,2
mzzmudnvci.jpg,2
admhtbxifr.jpg,0
tmxxlkwgaf.jpg,4
gkzffbgcny.jpg,5
vwnfcnosxa.jpg,3
bxrhkggqld.jpg,0
ycxgjacjiz.jpg,5
qerzwtmicz.jpg,0
btahamuxic.jpg,3
qmfalvcjzd.jpg,2
fsxeqxbmdu.jpg,2
svfcpieqoj.jpg,0
pxxxojfmgr.jpg,4
bezguzphoj.jpg,3
xpzuopeuze.jpg,4
tguxamzjsz.jpg,3
lirxklcure.jpg,2
nuhvtsxmid.jpg,4
hmlarpnymg.jpg,0
wuexdohsqf.jpg,0
mcxpvsvers.jpg,3
qqxokcawrj.jpg,4
cuxyxbzine.jpg,5
wfgvsrmvck.jpg,2
urxvjkapna.jpg,3
gawlnkljfc.jpg,2
ulukagornn.jpg,1
ppgszuolwt.jpg,3
lctqlqwdmn.jpg,3
fqgourqgnl.jpg,4
eqjvpdcake.jpg,5
nlylmfrtbm.jpg,5
aeixnpafpi.jpg,2
sklfomouju.jpg,3
ugvihasvdc.jpg,0
gmhqutajyk.jpg,2
eywpjfvlte.jpg,5
aapakpxiod.jpg,2
zsectltxgl.jpg,2
bctimarcop.jpg,4
sxgtnarfpy.jpg,2
nckfwmbnok.jpg,2
unhkzukolx.jpg,2
khmgwgivqt.jpg,4
vjgbhhesoo.jpg,3
eowplbaaul.jpg,5
mxbwnfrwlv.jpg,2
leawhwhqel.jpg,2
otiyktrsap.jpg,5
jzqtjqramm.jpg,0
hrfbbfhfcc.jpg,0
fmurgugiii.jpg,3
lkgslhmkll.jpg,3
jomtwlrgnn.jpg,5
vgrmwsdkak.jpg,0
dsqzthrvga.jpg,0
slrpobtiqd.jpg,2
crojhxullg.jpg,5
tevekqklaq.jpg,2
ibziqkpgmr.jpg,2
zgjxyvbdun.jpg,5
jzxyxdoegy.jpg,4
yptzkfrhub.jpg,3
xwikpvpwja.jpg,2
rxnmkbluqj.jpg,4
sypogmswos.jpg,1
irqmgwxwqx.jpg,1
masnyrkhad.jpg,3
iohffkkcei.jpg,0
lzrhpypwnb.jpg,3
dbtteigvce.jpg,3
lybsbcblgw.jpg,5
ovqrdapwib.jpg,0
ooeexqnbpe.jpg,0
wsptreoimb.jpg,2
btigsidktj.jpg,2
sgaixalcxm.jpg,1
litwlflahj.jpg,2
oltkvjxbjf.jpg,5
ekgrjchubg.jpg,3
jqeklhpeyg.jpg,5
rhsqnfrzfk.jpg,0
wnytjkvrpb.jpg,4
iibzzyiidr.jpg,2
sckvrrdzqj.jpg,3
ygrkyulact.jpg,5
uuuqrhneic.jpg,2
xvgcemwpbv.jpg,2
mevriprurn.jpg,3
ogrmxpgmgj.jpg,5
vialwthjos.jpg,5
qsnzmxsnwx.jpg,3
pyormgdzwx.jpg,2
idonrzeyen.jpg,5
tvuadmvocp.jpg,2
bkhxjvrwkf.jpg,5
drnpcdejfh.jpg,0
qerrvirwvn.jpg,3
xvrtiqjqnr.jpg,0
tnyohlphja.jpg,3
pskeueuxrt.jpg,3
ouznkozvnv.jpg,4
lckqsvsaoe.jpg,5
htivkawzja.jpg,1
pvzwlwbnon.jpg,4
jajbmxysnn.jpg,5
chkmrlmjlt.jpg,2
njvekotejp.jpg,3
hnwtmfjrbx.jpg,2
omzkrratcs.jpg,2
beceypglwb.jpg,3
zcwuhvnbnz.jpg,4
skpftzrzot.jpg,3
nfsehcqavx.jpg,3
znakrzdaic.jpg,5
evkbzzjpvm.jpg,0
fuoijxzjip.jpg,1
rusotekjwa.jpg,5
zhgclntseo.jpg,3
yaagiklrhc.jpg,0
dndirtntmc.jpg,5
uhavdeeium.jpg,3
sjwysewtnn.jpg,3
owvdwzaqak.jpg,5
zondkmydvs.jpg,5
soycmnvbao.jpg,1
qscjbuehjd.jpg,2
zvgnulqjyt.jpg,0
bkuvezjkik.jpg,0
xrgarzvszx.jpg,2
lfarysrawj.jpg,2
nwerwkqkyy.jpg,5
krgdocvslc.jpg,4
jnhngwaivr.jpg,1
fsqlimsyjc.jpg,2
unlydelegt.jpg,2
ijwhjysliy.jpg,2
mndrklubtj.jpg,3
vovhyofhky.jpg,0
cdmkevphot.jpg,2
ccoysbycwi.jpg,2
tkqseuhmqr.jpg,3
meoduchwvq.jpg,2
ykjhwaadma.jpg,2
uunofjmoqx.jpg,2
iddmjevcqz.jpg,2
iqxrnerfds.jpg,2
plailmuihc.jpg,0
cweuckqtlq.jpg,2
evlbnerjmn.jpg,5
egrvnnolrk.jpg,5
jcpirmvoze.jpg,3
asbhwojctq.jpg,2
pysqztcbzo.jpg,2
evjtrhvvnl.jpg,0
ndykmuihak.jpg,0
hqaupzbwir.jpg,0
zjhdsvuhec.jpg,0
phlkkjvzuf.jpg,5
qfsrlqehtv.jpg,0
ouojrcpfhd.jpg,2
pyapvobjya.jpg,3
drzuinjpez.jpg,2
umrxbfnyni.jpg,5
bmebhtgfkw.jpg,2
brznnjyedi.jpg,3
oljxwbgwun.jpg,3
mmvglwbusf.jpg,1
ibqayxrqgb.jpg,0
yqwwbpryze.jpg,5
iyngiftlmy.jpg,5
wshljrkwvw.jpg,4
ngnxkdhpda.jpg,1
qgrklqsjld.jpg,5
ivrcrcbwxl.jpg,0
ygzzyueurb.jpg,4
faafoiwlop.jpg,5
hahigpiemv.jpg,5
kzskdybqvn.jpg,3
tqwwroouht.jpg,2
zfiunhqcab.jpg,3
yhkedbqcxp.jpg,2
lwmfywxgql.jpg,4
aiombpjdqc.jpg,0
njpbqhlodm.jpg,3
zxovdtifow.jpg,3
ivphqupexd.jpg,2
xcxlljlbtl.jpg,2
vnmyjbvpoe.jpg,2
imlocxwdzt.jpg,2
xvgkirnlrs.jpg,2
qxpugyhzxs.jpg,2
dmumzptihb.jpg,4
dbgkhivjay.jpg,5
gmucglhnie.jpg,5
wiixaqlbvg.jpg,2
jslvirsmlx.jpg,4
yshndtcpfq.jpg,5
nhemryfzau.jpg,2
yheydmzemw.jpg,5
jdilfvumni.jpg,2
rhusxlctgz.jpg,5
hboqvaetww.jpg,0
tnwtybpmxu.jpg,5
bhsjfyuwtr.jpg,5
ocafhkzaov.jpg,5
tucqnxursn.jpg,2
fgufklpegb.jpg,5
pxzefydwks.jpg,2
nrfjlrhvdq.jpg,4
dvsmgofewl.jpg,1
juowrspgbg.jpg,3
olpxsmirnh.jpg,5
yipenhgoji.jpg,3
cfnjrhwrsj.jpg,2
tjttuptgwy.jpg,5
yosytnziug.jpg,3
iczaljwigv.jpg,4
zwarcpyrfo.jpg,1
suaolmalia.jpg,3
qmvoivmtnd.jpg,2
mmjfcxeozg.jpg,4
fzrceiakhz.jpg,3
jbroyrzoym.jpg,4
uyekddmrjt.jpg,2
zrvlmfanpu.jpg,4
dyithtsriw.jpg,3
rcfdhfcavt.jpg,2
karcaekqkr.jpg,4
fvkrxkbllq.jpg,2
ijuyownmuc.jpg,3
xivddevyxb.jpg,3
nmhxnbwiai.jpg,5
vqfurcsucg.jpg,2
qxsfvjcaej.jpg,2
ibpacrijrk.jpg,4
tetwhaoklu.jpg,1
aiabnjcagr.jpg,3
knggnwsgfp.jpg,0
mengkcqefm.jpg,3
fazyztyyvm.jpg,5
hjrmufygzn.jpg,0
rkuyavvvci.jpg,2
bzwblsqnsq.jpg,5
ovpabelajo.jpg,5
xibyijwuse.jpg,5
olancjltfq.jpg,3
wdneyxwpth.jpg,0
kpabvqrcpm.jpg,5
vwvbxyrgwk.jpg,5
tongqhhfiy.jpg,0
szccikywfc.jpg,4
szxreagsun.jpg,2
vuojbwlqov.jpg,4
xacwvskmuz.jpg,2
wbjhempbcn.jpg,3
swuzwtwbwt.jpg,0
ifzawsedgk.jpg,3
tfdkiqsmbi.jpg,0
zbpaubsgxr.jpg,2
tbhspiedcz.jpg,5
zeuikbhwkz.jpg,4
ptxdeyfmnf.jpg,3
jiyktpyepj.jpg,1
zbrkiftaiv.jpg,1
hkylyjdgbu.jpg,5
giwrxidfrk.jpg,2
mhortqyyru.jpg,2
dflmnshbhc.jpg,5
mflxafzfob.jpg,4
qwkffkfywi.jpg,0
crnttczxsr.jpg,3
dtcwmtdzgu.jpg,3
yjgplhjbpr.jpg,2
rtfoubjodl.jpg,3
qcvviuofkn.jpg,5
jcfjscifad.jpg,3
vvdfefyxcg.jpg,2
gnhpcpscla.jpg,3
xhfkmdyzqy.jpg,4
hzbtexljea.jpg,1
ynjkwscbpk.jpg,2
jahpecbzom.jpg,3
dmikffwewv.jpg,2
zzsnmxncst.jpg,2
vnkgukgveo.jpg,3
weewxhnpia.jpg,0
hwlivneaei.jpg,1
hgollbxunj.jpg,5
bwalxchnwh.jpg,2
jfammqqbqg.jpg,2
shrtlaqqae.jpg,4
xavdpugspv.jpg,2
zaapnqknuh.jpg,5
vlhzqyawds.jpg,0
qfqbfrives.jpg,3
uhxtdlaiau.jpg,3
xgliaplwif.jpg,1
chqwnhqgfi.jpg,1
odysdbcazo.jpg,1
ujwtasphqa.jpg,1
tvhgyzswvt.jpg,2
hcrcapnylk.jpg,3
mehessblgm.jpg,2
ceytwqaaet.jpg,2
vsoddlkiuf.jpg,0
fknhrnrody.jpg,4
cjsiqyqdlc.jpg,3
nzzmaitvcb.jpg,2
juibooiwqg.jpg,2
oskkpiozcw.jpg,0
xuywfnadqc.jpg,2
jfbxkdbayi.jpg,3
hqtbwipmpw.jpg,2
fycdxypicy.jpg,4
cizrizblan.jpg,2
gkznblfooz.jpg,2
uojsgtwxvw.jpg,4
wduxybhdcf.jpg,3
lqfzdkngyz.jpg,2
hefuizoszx.jpg,1
yeapnpyekh.jpg,4
nzmmfuahzz.jpg,1
rrrzwpcoun.jpg,2
mlxopptbmg.jpg,1
ijufekavnh.jpg,5
cgdjickfbb.jpg,0
lfbblcyezp.jpg,4
ipcypejjuo.jpg,4
msskzylito.jpg,3
bibarbzhrh.jpg,4
qkftyqiqez.jpg,2
yeukcgwxbw.jpg,5
spaetqyngk.jpg,3
mbgenwrodf.jpg,5
pawzacxqbb.jpg,4
uiheygiqxt.jpg,2
tadddygqcg.jpg,3
jeppafyqop.jpg,2
eyphnjkiax.jpg,2
iplanssovd.jpg,2
wrndgszile.jpg,5
bputrafaql.jpg,5
zvpivdifjp.jpg,2
dqrkuibfot.jpg,3
ftzljacvre.jpg,4
tleyipkddq.jpg,0
frqvsmrqdg.jpg,5
rblzfhsgtp.jpg,5
zmlutoarhe.jpg,4
nopozdreoz.jpg,4
gktxjtydos.jpg,5
dkszisnruo.jpg,5
cvcmiwtxon.jpg,4
jyudpgslza.jpg,5
bqqzhqbuam.jpg,4
ctsmwzcpbw.jpg,1
ocxmrqnlgw.jpg,2
yjnifvhiks.jpg,5
ckkrlfcaur.jpg,2
dehfuvovfg.jpg,3
qgtkokoloy.jpg,3
vldjcofqlg.jpg,4
gjitrqmdvt.jpg,2
ekvztxdeny.jpg,2
ythnzzxsbi.jpg,1
wrcvaomfrt.jpg,5
grbxfrzppr.jpg,3
kbcfizslfe.jpg,2
nbvwaiqnpg.jpg,2
cntlvycgom.jpg,2
tubbpvtkui.jpg,3
zzkjdttbhy.jpg,2
drijdjruer.jpg,1
cxgjyladyc.jpg,1
eawawzjfar.jpg,0
enkizxxuyo.jpg,4
tdvxaluqxb.jpg,2
aenajhtgjr.jpg,0
bqhlswtndd.jpg,5
oxewwqafuv.jpg,0
xjnboyqsxt.jpg,1
dvmgndbttg.jpg,3
keqjcbkwjh.jpg,3
ixhanrpmvp.jpg,4
oserufkwym.jpg,3
pmsizuqumw.jpg,2
vsvahwduvi.jpg,5
molvmigbet.jpg,1
pkuguflnrc.jpg,0
gjejikoyfn.jpg,4
unyihfsohy.jpg,2
cbcxrwsixo.jpg,4
fbdeaehdfr.jpg,3
iwkvytnyxf.jpg,5
wvumlvodif.jpg,5
zlfqfxywgo.jpg,3
phltvfohot.jpg,5
ixjzshsuzn.jpg,5
bvezniazww.jpg,2
zcyizveqiw.jpg,1
ghaadnpdqv.jpg,2
tyyvybifmx.jpg,2
fqlwwccsuk.jpg,2
udlimjwrgy.jpg,5
xyyaxgdgxw.jpg,0
nantenrhpg.jpg,1
vvztqyueft.jpg,2
hsvxxfctbu.jpg,2
ktvmmtdeza.jpg,2
bsijfvyptd.jpg,5
fjzfxhgjfi.jpg,2
dpubgovnmb.jpg,5
uzptygxpuj.jpg,0
itjznhqzln.jpg,1
bjfmccojvg.jpg,3
tcnohmkwdq.jpg,5
eminmbctxj.jpg,2
czjtqqqmta.jpg,2
goegxgpnch.jpg,3
zcyhwrmfxl.jpg,2
ktoqnyrvek.jpg,4
hyetjimsdi.jpg,2
sbxhjeqkes.jpg,2
mlrvgajjgj.jpg,4
zhmkukawnr.jpg,2
uvriklkace.jpg,3
jrtipaalze.jpg,4
quxyqtnlao.jpg,5
jtwxtrodyw.jpg,1
ixdiphlbti.jpg,4
dbhnhbbbma.jpg,3
jxzamdqjfi.jpg,1
idesvlkdag.jpg,2
ihoqukhmqp.jpg,2
ldgsiukzzw.jpg,2
oorlzklfpw.jpg,0
potlxkrgze.jpg,5
rxyckgjklv.jpg,0
dvkwrfhzeq.jpg,4
bdzwyvtnds.jpg,2
usbsxvbhyn.jpg,4
jscfgmqftc.jpg,2
umzapwhesf.jpg,5
mnskstfizi.jpg,4
qcigpflhxc.jpg,3
bqwfwcriny.jpg,2
bhoahyczrg.jpg,2
lccplhhsen.jpg,5
bmuwwlanib.jpg,2
wcrfyiayuw.jpg,2
ogbdvzwofg.jpg,5
dkeuefupph.jpg,2
sovgumhimh.jpg,2
nmcdiwzhlf.jpg,3
omdakregpu.jpg,3
brorsgjvca.jpg,4
hsjjmolulx.jpg,1
bznbbrxulm.jpg,3
dfzffdynvk.jpg,3
lsjqdeeywh.jpg,3
wwzzfnxaye.jpg,5
avtpoolrnt.jpg,4
kpgqtdwtps.jpg,2
mgydxildin.jpg,3
xgwmqcickx.jpg,1
hwxkqaweki.jpg,3
ytsxlykayz.jpg,3
iulkhynvkq.jpg,3
gxtftvtsgk.jpg,2
optdvvqlrh.jpg,5
vkhogmftmh.jpg,4
hwjdznahjr.jpg,3
crmhgrwuwd.jpg,3
yhihsccgne.jpg,3
qaimfapxev.jpg,2
yqngdkfker.jpg,1
okvvkpoogc.jpg,2
stuypejwxh.jpg,4
whzqdcetrw.jpg,4
izbjdjjvoq.jpg,1
yienuxtzbf.jpg,5
alslwxnauf.jpg,2
okeslepsua.jpg,5
tbtzwbxgru.jpg,1
xmyxjpgcqw.jpg,3
xqbcfghdlh.jpg,0
xweazdptfn.jpg,0
sqqqrozbgl.jpg,5
fwiknoiwan.jpg,0
fndpzcyyxd.jpg,2
frlwuamlkd.jpg,0
ihutrhzgch.jpg,0
yzrbrerwor.jpg,2
yzsvdbrqds.jpg,5
qfcnwucsqm.jpg,5
xyaatvduci.jpg,3
iipamkgmhh.jpg,4
xtpfctbtyi.jpg,3
zmrxynvyql.jpg,2
oeeoqnpadt.jpg,5
sktapjdgjt.jpg,5
ezkzjcjinf.jpg,0
fybpzlushx.jpg,4
qdeqxpirxg.jpg,4
liehnlgvim.jpg,3
qzflllxrot.jpg,0
napdxfgtas.jpg,2
nkluhjrthq.jpg,2
hipgzetioz.jpg,0
zflypdsgvu.jpg,2
uebbfdwziv.jpg,2
zbnebhlkpn.jpg,0
jezlqlsxvv.jpg,3
jlikadgyso.jpg,5
ufhzkekgvo.jpg,5
wedunehwmh.jpg,5
eqnzhjjlkw.jpg,0
zraqdjsbyo.jpg,2
rbqqatttuq.jpg,2
oehzwvbzoj.jpg,2
opvyocdmwg.jpg,1
fynveudvyu.jpg,4
sbrucvakkn.jpg,3
ptwhurnlsb.jpg,5
pfzmrjifpr.jpg,1
xxnaqrxfjl.jpg,5
owbuafjllz.jpg,1
vrgwrlpnmg.jpg,1
grtgezpmpc.jpg,3
hjwwczzujy.jpg,2
fxnkcarlwn.jpg,2
snygtgibbj.jpg,0
pjwghyexgu.jpg,5
mmqfuboanw.jpg,2
msnhiqcxys.jpg,2
zuurltsmrc.jpg,1
eyohmjbhei.jpg,5
msmpxukwuq.jpg,3
ifvzarvhfu.jpg,1
krznocerzg.jpg,4
zmccujfiyo.jpg,2
klflrgyxys.jpg,3
uejkxqskzb.jpg,3
ckefqnoefk.jpg,0
dmiobvavcs.jpg,2
ryodhehpih.jpg,0
mxtkkxyfwb.jpg,5
wkqmpboxlr.jpg,3
sftudcxzyr.jpg,2
lutsehnjfg.jpg,0
hpnhuwxnkp.jpg,5
zhrotsfimt.jpg,3
gsnqqsajdk.jpg,2
firjhmqxue.jpg,2
qrqnbreacj.jpg,0
rpzfpcrfjg.jpg,5
hvsaqtzqhj.jpg,5
rpeqwggowr.jpg,5
klwahpuruw.jpg,2
uzrinojerc.jpg,2
jwwuodwerj.jpg,3
oriaixlmkk.jpg,1
efbhwzstcr.jpg,3
exeysfkjrc.jpg,5
gasofeycab.jpg,5
edstgzfdrd.jpg,1
ptsrmwowpj.jpg,0
xjwzijlxdu.jpg,1
oyzpzvgmkt.jpg,3
dytfoumlmx.jpg,4
zregntehsu.jpg,5
cwzdblmmfj.jpg,2
egoceokeec.jpg,3
liluwtmclh.jpg,2
ppjztfkfri.jpg,2
xdmksklxsj.jpg,4
gvschhgbvr.jpg,2
mnqzidkpgy.jpg,0
twkdzjgema.jpg,2
pxihdncjtg.jpg,5
pznfpplusf.jpg,2
uycgxgcigx.jpg,5
pfcsjfhres.jpg,1
fntyucfqsa.jpg,2
qrdqxlnnzu.jpg,3
ngyrbdqlxz.jpg,4
iwqwfqfukb.jpg,2
qxnvwndkto.jpg,0
akivsfvezt.jpg,1
idtytveknj.jpg,0
riujigbxws.jpg,2
jhaoezupir.jpg,4
beoznraryi.jpg,4
nrqpdmouot.jpg,5
ogjgibryct.jpg,1
jnvvrfbwdz.jpg,4
aqguognkvm.jpg,2
eehawgqkkc.jpg,4
idaoefzsmt.jpg,5
pjlbuowhcv.jpg,0
tkpjxqfcfh.jpg,1
xiqtaeoqzd.jpg,1
qazgupdgrg.jpg,2
ihoyaqsgms.jpg,0
aykhmeilsl.jpg,5
lrowifzfni.jpg,2
amfintizqk.jpg,0
xoezeiuizn.jpg,3
gmqtrceyoo.jpg,3
qozgibppck.jpg,4
ehuzmofvyf.jpg,0
pdcxdkzapq.jpg,2
trjstlmgkr.jpg,0
myfvipbnix.jpg,2
nxoupivmti.jpg,4
zuopnovurm.jpg,1
luuhlztycp.jpg,3
qxuhxflmsn.jpg,3
ueywzsjiit.jpg,2
scbhdroxqo.jpg,2
smunrovgyx.jpg,3
wmayvlwyjh.jpg,5
prhqhwrtvq.jpg,3
xonpmhkjlk.jpg,0
wvzzfejizi.jpg,5
xradtepqmx.jpg,2
pcomzezhjq.jpg,0
hekgriyyij.jpg,5
bhpwtycplc.jpg,2
jxtirnxjej.jpg,3
nafxmukday.jpg,3
fyuxzexnqv.jpg,5
nzvbrgnoij.jpg,1
jizdncmnvr.jpg,5
bhdktvvvnr.jpg,4
wbffofnwdf.jpg,0
mzejdzyqhx.jpg,2
gpeqevongl.jpg,4
xigvivazge.jpg,1
bexldutnjo.jpg,5
lmhyjnlpbw.jpg,5
cuexfaiutg.jpg,0
tfliiwlbzb.jpg,5
moyddlbklq.jpg,2
ptoabrvjjy.jpg,4
ljsuxfkipe.jpg,3
vsivlknwdz.jpg,5
lvdpnilmmm.jpg,3
caxrfxfnak.jpg,2
xcupbhnrvp.jpg,5
pafhktznkk.jpg,0
vadgxwbeqr.jpg,1
hersgywlys.jpg,2
vedhalgfyc.jpg,5
oxczeracew.jpg,3
iyqqsnxcjw.jpg,3
rpghovzirb.jpg,3
jdwaaywfht.jpg,5
reirewpewl.jpg,3
owjweembav.jpg,5
gqwapvwypx.jpg,2
ezjgnmazpx.jpg,2
kavisqypgp.jpg,0
xdknmyzwlk.jpg,5
dcpxbitmss.jpg,2
nuhxbxczvt.jpg,3
snfejrhddg.jpg,2
fbmmeybjhy.jpg,4
uhocjxbqeg.jpg,5
nubqpvjzpa.jpg,5
ayhtconqqo.jpg,3
hjwgyisybu.jpg,0
exslrbkvjv.jpg,5
lywtvynpaq.jpg,1
snhlrfpkse.jpg,0
qexrgszadv.jpg,0
etxbemadym.jpg,0
atrtrkyafz.jpg,3
wuxnphuteb.jpg,2
hvntwfuzxz.jpg,1
tluiuzlnhj.jpg,3
mfkjitjsrf.jpg,0
wlfasjbsvl.jpg,3
cibeqrxyws.jpg,3
gzrzporsem.jpg,0
nzytqxndqa.jpg,5
wvtjfqcfad.jpg,5
smamvgcdeb.jpg,2
wfcwulumdp.jpg,0
ieayocqcrf.jpg,3
zwgbgxlwmg.jpg,0
ovgmakrlcu.jpg,2
vegfvtypml.jpg,2
ozcojsxfkm.jpg,1
rxffzcprop.jpg,5
yqdvnuhtgc.jpg,4
vziynluthy.jpg,3
nczzysazqf.jpg,5
wdyvmundoc.jpg,4
wrxjweegfr.jpg,2
awdphcmasn.jpg,0
nvvymkawdg.jpg,3
auqjmxpwfq.jpg,2
hxjwnyuird.jpg,3
gvwloaiomd.jpg,5
xenhzylcie.jpg,3
gvqqmtjegm.jpg,2
hilxqdjdyw.jpg,3
rhrzgvsllm.jpg,5
tofvyzxudf.jpg,2
ogidwqrrlq.jpg,4
rjnbmbykmd.jpg,2
fhyvaywaxs.jpg,0
qtwufnwqsc.jpg,1
cwopveimcb.jpg,5
zmrvpmpurq.jpg,0
reexvgkeiy.jpg,2
slbtfaqczu.jpg,2
otmfvryinm.jpg,5
dsnzckefmr.jpg,3
puaovcceyp.jpg,2
ecqdfwarky.jpg,2
arvziwepmz.jpg,5
wwmqcmtikb.jpg,3
butmdekmrj.jpg,4
hrdictswgi.jpg,2
ihncnyzfvh.jpg,3
cspghrgblo.jpg,2
mhrgyqljln.jpg,4
tfwcchbigs.jpg,2
wstejeflnm.jpg,2
wyjcsntxsz.jpg,5
bmxkqvicwp.jpg,2
xbtaybiwti.jpg,3
bnzbxgokhl.jpg,5
fveetcodlu.jpg,4
yzpglwmqoh.jpg,5
hwylitlaam.jpg,1
bvtvayarzj.jpg,5
vaskbezyem.jpg,5
utgcazxbvw.jpg,2
didctfdqmi.jpg,3
ewjkzwzvor.jpg,0
cookltkmse.jpg,2
tdjcydpeao.jpg,5
vompvodpdr.jpg,3
qeexgknfna.jpg,5
kudkxfvslw.jpg,3
qwnldubiaz.jpg,5
lsgxpfwcrs.jpg,0
wmuoipfnvj.jpg,5
hahvzymxiy.jpg,1
eppnlfirfa.jpg,5
wefyhtkhkb.jpg,4
dbbvgnjsxg.jpg,2
laikhwpome.jpg,2
tfrbthoykq.jpg,4
glocblzynk.jpg,3
blpqngznve.jpg,3
uvipskwfqk.jpg,5
izcnbaudbl.jpg,2
rhxwwjmcbt.jpg,1
iqdjbeowvh.jpg,3
ptonoyjmif.jpg,4
hbhgvoziag.jpg,2
gcejlfgckk.jpg,3
blhwgbfbgq.jpg,3
bifljhppfn.jpg,0
vdriikwuve.jpg,2
cyewgyhaqm.jpg,3
bfokfljtuy.jpg,5
ichyueulnf.jpg,5
grohbwavki.jpg,0
mwjgcqtmad.jpg,2
bzmktmgjhm.jpg,3
iwpxmjjnif.jpg,4
ssbmfutyrk.jpg,4
psicwuixfu.jpg,2
mitefnlkan.jpg,1
oyuwjfttrf.jpg,2
hijxkoqcmb.jpg,4
bfecolqqqa.jpg,0
acendozfqi.jpg,2
fgkonagmoy.jpg,5
wynavjuhlv.jpg,3
wzzzidfxtr.jpg,2
dlqojrjktx.jpg,3
ccupryyoxe.jpg,5
ilkxxrlkze.jpg,4
pzufowejni.jpg,5
zyjstascpj.jpg,2
yycjpalohv.jpg,5
dgctuvfyng.jpg,5
ltsdnvvdpj.jpg,2
owsvgafjlk.jpg,2
krrhuntjzc.jpg,5
oxngduoydz.jpg,3
kyobcwlszm.jpg,2
ytxbzsuikm.jpg,5
wgpnyjgsbg.jpg,5
adxzojchpo.jpg,2
hnkglezxzj.jpg,3
jymmskkzkr.jpg,5
aagfnwhreu.jpg,0
glohaqneay.jpg,4
jsatdnpbyc.jpg,2
ianqiqpskc.jpg,2
fhzyljqvjh.jpg,4
szrimobxxj.jpg,2
icidvmimcj.jpg,2
lnitvxovhz.jpg,2
jzvuvhbfip.jpg,5
pagkyvfsaw.jpg,1
fpmpjvcqqb.jpg,2
fmuzckjild.jpg,2
ynttqhmwab.jpg,3
dkredvapea.jpg,2
dqibjazrcb.jpg,2
oripomrmua.jpg,3
ndxjapctxt.jpg,4
jxonovgblh.jpg,5
igokypfoql.jpg,4
rhetkmtypg.jpg,4
mfqnafvgfl.jpg,1
ozefqejdyn.jpg,2
mfbwmvpqhd.jpg,0
vsjtpkigld.jpg,3
mikmlxirmn.jpg,1
whigfgqyjg.jpg,5
uebeoniapf.jpg,5
elbshdfvof.jpg,4
abhmskpsgv.jpg,5
rmkhfxbqur.jpg,1
xwqxozuvkg.jpg,4
yeymwmiyld.jpg,5
ovujftqais.jpg,3
qocdmtbofd.jpg,4
xaayojchre.jpg,5
guwwokukyl.jpg,0
lmgsxhjlkg.jpg,2
dhihvryume.jpg,2
vsubqlqnjj.jpg,3
xafjsnfhhl.jpg,0
optnmyyyaz.jpg,0
ufczveyuyu.jpg,0
itcxwyjhzx.jpg,2
pddvpflmtx.jpg,5
upbywptvce.jpg,3
voqfzfoxoq.jpg,2
eaggqiscbc.jpg,4
azixazybjw.jpg,2
riyzwqwlgt.jpg,3
gxsdbufudw.jpg,3
jqxjdzvppf.jpg,3
fkmzqishvq.jpg,5
tjtfslylhn.jpg,2
yrlxjvjgoz.jpg,4
kdhqhsxgfn.jpg,2
vzmcvcbsam.jpg,4
cstigmdzrn.jpg,0
rmddddifkv.jpg,4
wvwasvplai.jpg,3
qzzolflsdg.jpg,0
xrytywdgui.jpg,1
jkidnatypb.jpg,4
qddhxgccie.jpg,3
ebbrkrmven.jpg,3
giwrgmodjp.jpg,4
ihdgkvwjkb.jpg,3
jeurxgkiay.jpg,5
fzfzbliyng.jpg,2
ftkpxhecke.jpg,4
hnvqwkbhkx.jpg,1
rvmuynosmc.jpg,2
jjwhvhrltp.jpg,1
lnzirorzfq.jpg,3
feqoqkokch.jpg,0
abyqxsxont.jpg,4
afajzcmosv.jpg,5
rhygggjvuo.jpg,5
nydwasgita.jpg,3
sfalwpfuzd.jpg,5
bochuaovym.jpg,3
szqxubmupk.jpg,5
hakbsnecry.jpg,4
ewykvzxezf.jpg,2
opufriaoiw.jpg,5
wnlygdokti.jpg,3
wrsuvdmabg.jpg,0
yuifdnxhbi.jpg,1
rcpwpmmohn.jpg,2
ptmjdnywhq.jpg,0
hklyoyyhga.jpg,1
ygvscmzrns.jpg,3
nsujthibrm.jpg,3
bzlfqxzoab.jpg,4
bwoxexjyaa.jpg,0
utopdbtjdk.jpg,2
nbnpvjtrig.jpg,2
vcxqvhnrqr.jpg,2
reqdrvyqxd.jpg,2
axoirhdcbo.jpg,2
gajgnjqdkn.jpg,1
gtgwiudexc.jpg,5
woicxoigwt.jpg,4
sdzuyqnpgo.jpg,3
lkjnrsjgoc.jpg,2
fepxecbwpq.jpg,5
vjtgnltlhw.jpg,5
dsmovpeanf.jpg,2
uuloqtcczx.jpg,1
xmkzbdqnen.jpg,3
lqpeenjmtx.jpg,2
auxhymtgoo.jpg,1
ovprvtsdxz.jpg,3
xxcexjeljc.jpg,2
tmoakgmddq.jpg,5
jssvdgltpu.jpg,5
ipibiabnhy.jpg,1
rxymdzynzw.jpg,3
oouynxbtzu.jpg,4
exgsnunnxw.jpg,4
cikfuvepaq.jpg,5
kkcxykghvl.jpg,2
culiwbrsxk.jpg,3
nyfxquijzf.jpg,3
mkgapxwvtr.jpg,2
qdouiqkbbu.jpg,5
wkngtalhcl.jpg,5
ujpvzbrnte.jpg,2
nmrzadnkrf.jpg,3
pgmomukssa.jpg,5
wbouiqrtpx.jpg,3
nmsxjosddx.jpg,5
avzpwpzvxg.jpg,1
ubwfpdkhag.jpg,2
spoesxmsfo.jpg,4
nminkvwnnq.jpg,3
jkjmihnumr.jpg,2
xjuehmdqkb.jpg,4
gmnzgpsvgz.jpg,2
dvucxejkfn.jpg,3
rhzylkhlph.jpg,2
ggnxkbowir.jpg,1
mdfugeoojc.jpg,5
tnzanmgeta.jpg,0
vskgertuvl.jpg,1
qeainddmks.jpg,3
enqogcldon.jpg,1
rhmntltgkt.jpg,4
bpcqvyjdmx.jpg,5
egvrylszyq.jpg,2
ruzjtnggpf.jpg,1
wzgfgnfdra.jpg,1
qiiuajllpy.jpg,5
ejtibmcyyn.jpg,5
ldqgyorobs.jpg,1
uhmlymzhdj.jpg,0
mljkgjtras.jpg,3
enwuiyhubh.jpg,1
gwzlvudncx.jpg,5
rnryrqvnox.jpg,5
oyiyqhqwaq.jpg,2
wgtawxzkxn.jpg,4
tjwdacespv.jpg,3
odzkmfaqef.jpg,3
veauodwgay.jpg,3
dracgvzoyf.jpg,5
jqcjfpyyst.jpg,5
ranfbgsiwl.jpg,2
rpuzofzraz.jpg,3
telmqqvehb.jpg,2
ozphlyhjpi.jpg,3
sopxzdklaq.jpg,1
madqdfddnf.jpg,3
lwdewxyhby.jpg,3
povvsbgaeu.jpg,2
hwhonqaxsj.jpg,5
wbnvwkncpj.jpg,4
mdcpubpjgm.jpg,4
ygnoafyzco.jpg,4
vaeugrjgjt.jpg,5
ormyyvzydv.jpg,4
zkhxmgbmlc.jpg,3
onkvczacbp.jpg,5
pylgaxiwfl.jpg,2
jbhzbpooft.jpg,3
ngzraatmrn.jpg,2
qtgduaohtm.jpg,0
kqmrhfxgkg.jpg,0
lslzlblbsd.jpg,5
cxqemwhjse.jpg,3
bdmezwabre.jpg,4
bqiydmalwd.jpg,0
qrfkmnfcvj.jpg,0
qwguumfogx.jpg,1
wawpmoztxx.jpg,4
fipdjsnlml.jpg,3
yjbkfzepqk.jpg,0
bwrwfxxreg.jpg,2
pnjpulbunk.jpg,3
vmlqpghtwp.jpg,5
wrfdngktlv.jpg,2
bctzgniyss.jpg,4
mkpxrktipq.jpg,2
sixftwaipb.jpg,0
rkkrboiqsi.jpg,3
mnoxviwnrp.jpg,3
hofkvwkfkq.jpg,5
irxvxrhcjt.jpg,3
rapkzbvaqb.jpg,2
iaejgbddbg.jpg,3
fllcgznlqn.jpg,4
zccufvfhcn.jpg,0
gngsvpxbpg.jpg,4
vfolwfgeqt.jpg,5
soyirqhdxn.jpg,2
tyibsvnhso.jpg,5
dtmtlerfnv.jpg,2
shuwyaswvg.jpg,3
tgekzimmzr.jpg,3
xdgionpknj.jpg,4
tertajrnkw.jpg,5
fdlplanwbf.jpg,0
htwyipxrfz.jpg,3
vpjrvdhpgu.jpg,2
anbeufderf.jpg,0
jiyidwiwps.jpg,2
owgbyorxao.jpg,5
lsyvznldxc.jpg,5
lcnclhevrp.jpg,4
uspfmxikfo.jpg,2
yicehcixuh.jpg,5
enwiommila.jpg,2
sgcibqkkqk.jpg,3
vbpaargtqb.jpg,5
snlozrxufo.jpg,5
kceklkbnqa.jpg,2
kyjncdvdfh.jpg,3
rnjzobbilb.jpg,0
dtfricqrjc.jpg,4
qyqzrexikl.jpg,2
trpiyfqpdg.jpg,0
kskkdyheta.jpg,2
qvkbvvuqlm.jpg,4
vtxpevgigx.jpg,0
erwfkbwtxh.jpg,5
tbmbvrobti.jpg,0
mdazknfeou.jpg,5
xqogfpdfto.jpg,0
uizjouuwry.jpg,2
mhunhkqtjb.jpg,3
rtprbvzavg.jpg,3
wfahrjhyph.jpg,2
chtfkodlsu.jpg,2
zknhxtohbe.jpg,2
ftwtmmsxlk.jpg,2
fqzjwljyej.jpg,0
dlfusnpxvs.jpg,3
tuamxnoamk.jpg,0
wacmfbcevi.jpg,2
pnaybpjbuw.jpg,2
ceeqphoukp.jpg,3
ovwhnprtzx.jpg,1
ljdtubxxnl.jpg,3
wfsvrxmqvy.jpg,0
tnojhgxqoo.jpg,3
cbqwnyccrc.jpg,5
xahkycvaeg.jpg,2
mltkuklrjs.jpg,3
fbhoxajlhb.jpg,1
cybdxvfbdh.jpg,2
jvfnkeqbix.jpg,3
xzbyknswfo.jpg,3
fpoeijjfgc.jpg,5
xbtxuenobx.jpg,5
sjjesckrjr.jpg,3
hrwhdtzqti.jpg,5
qktrkyoind.jpg,5
kkfozxizyu.jpg,3
fswjtsrytj.jpg,2
pkwlcikqpb.jpg,0
avqrabcait.jpg,5
wynhbxruiw.jpg,1
lbbzueoweb.jpg,3
biylzejbxv.jpg,1
mntbfproos.jpg,5
iwxaloezcn.jpg,1
bpmmehogeq.jpg,5
sochitdnuv.jpg,1
xdiryyxgwb.jpg,5
amjvyswbyg.jpg,2
fvnldoblgp.jpg,5
wietzbylfe.jpg,4
dmapftbahh.jpg,3
rgdamqfesb.jpg,4
gxjakpqbjh.jpg,3
pyxrydudnb.jpg,3
xjtmizrxnu.jpg,3
ymldnjjokn.jpg,5
fnlkcyxyfo.jpg,2
backotkszn.jpg,5
vzedcjfjrm.jpg,0
enjqmhjfbe.jpg,5
ubngsnvrfx.jpg,2
stgboypaqd.jpg,4
pjgyikudko.jpg,3
frecimvsvw.jpg,2
tdmkmhfwox.jpg,2
feynzoqgph.jpg,2
nvzoltswrf.jpg,4
xbulqjxten.jpg,3
khwnmngral.jpg,5
exflxadvyo.jpg,1
gkpnbbucwk.jpg,4
afujwitsgb.jpg,3
jtpdrktqxs.jpg,0
jhxurrswqz.jpg,5
ygppeztaoj.jpg,2
tyvwxmiypc.jpg,1
mntndyxytp.jpg,3
zepucjmmpu.jpg,2
plkxzjvlmd.jpg,5
rxihdcppkw.jpg,3
mcslgldnjv.jpg,5
izcjcqtgwz.jpg,0
khexnapown.jpg,1
rbtsbkfeoy.jpg,0
fuqnapvvys.jpg,0
nomekkbczq.jpg,2
zddtphsiex.jpg,2
owblhrmtec.jpg,3
zhqyckltbl.jpg,3
vlwokgzqbr.jpg,3
hcelnqcskn.jpg,5
hxbliioinb.jpg,3
pgckjxyjev.jpg,2
hpmblzujhg.jpg,4
zpmkqpbiok.jpg,2
rqwlxlllor.jpg,2
kvfjfnxbxc.jpg,1
fpehjdcghd.jpg,0
soqhruvljq.jpg,5
gkswgphwmz.jpg,3
iockvodfrx.jpg,5
ozkoegwhop.jpg,0
insgybzwqa.jpg,2
blggbddcql.jpg,3
pjgmfhzegs.jpg,1
ynlqxjlvju.jpg,3
hhzvuznwqp.jpg,2
hlsnrzihwz.jpg,5
mtsbidtykv.jpg,1
pgbjshgukm.jpg,0
xrpkvlpszo.jpg,3
thotcdnwxo.jpg,5
cwrkzxrgol.jpg,5
zjrisrpwsk.jpg,2
mdfiegdazb.jpg,5
ggfwlroreo.jpg,2
hefzuxqpnu.jpg,3
qglxhfshwl.jpg,4
hxwvoltqco.jpg,1
czltwyfwom.jpg,2
nytcestead.jpg,5
grugtjekjr.jpg,5
moplqiisvd.jpg,2
smwsllbifl.jpg,5
rnqbrmmnea.jpg,5
lbguppwlic.jpg,2
eqnzbfiqnl.jpg,0
qihtmjsiln.jpg,2
zpunctpbuq.jpg,5
dgmpfgefox.jpg,4
yuqalebgbk.jpg,5
bptddtjuwa.jpg,2
ihzuvhauni.jpg,1
gsgmkdgibg.jpg,2
qxszsoqyjn.jpg,3
atwclbblaw.jpg,2
lrhbsxjtjs.jpg,4
vhumynupcn.jpg,4
txpfkjqulv.jpg,3
jeeiowkhbb.jpg,5
ywndfgdrng.jpg,1
gjeevblngc.jpg,2
jinogcjmau.jpg,5
xpgmfzjgqd.jpg,3
vmieweidvg.jpg,2
ccuayvafdc.jpg,2
nonqrukwrh.jpg,5
diztbfwqkw.jpg,5
ksfgpbbnvm.jpg,2
coqnqptdff.jpg,2
ofdgrbyppq.jpg,3
suwscbbaep.jpg,3
dpqaljgluz.jpg,4
cosnhphzyb.jpg,2
jmsewidajy.jpg,0
jndmlmomsn.jpg,2
fukiopioce.jpg,5
zgxsxrrqis.jpg,3
ptquixafjl.jpg,3
gtfcgmepzq.jpg,5
kjpglssrqt.jpg,3
ysgwzriuli.jpg,4
lpxcvwfwsw.jpg,4
wuvmefloru.jpg,0
hjgtbpsbcw.jpg,5
llsobyjiqn.jpg,3
izrqdccurp.jpg,3
ruwpccxzql.jpg,2
vhomoqgvbb.jpg,0
ipncftznjl.jpg,5
etjeodktde.jpg,5
ambwxpsoiu.jpg,1
fcvyxkbvme.jpg,2
bllkbnezfg.jpg,5
bspuzwrfte.jpg,2
yrpkssktvp.jpg,5
wrypztokaf.jpg,2
vyzvfytcoo.jpg,5
oexglmqviz.jpg,5
liqpiibngg.jpg,2
zleavmhbzs.jpg,5
euhqyhxhjp.jpg,2
zztdmzhvgo.jpg,2
bgqhciwmwa.jpg,2
ihnyhpequa.jpg,5
xmtsovptmf.jpg,4
tuidaqmowl.jpg,2
oamejlcygk.jpg,3
ybcrrjhmtk.jpg,2
tiqvxcwagd.jpg,1
sysocoxqon.jpg,5
rvlehkfdbo.jpg,0
wmqlwcobic.jpg,4
azfzilutgd.jpg,3
tweaxqajvm.jpg,2
ukbzdjlbcy.jpg,4
wtkmlugxio.jpg,5
twrrcwzczy.jpg,2
rozbjrawoo.jpg,2
eomgitcbgq.jpg,4
ccifyfjymz.jpg,5
jfenxyzsrf.jpg,5
ypjvtbqpnw.jpg,2
xezzmivfdh.jpg,3
efmrbkjjcr.jpg,0
piwgpfrlqj.jpg,5
vfzxnlmbyw.jpg,4
owurzpwvht.jpg,0
pxztvzxhry.jpg,4
lktftvtzrg.jpg,2
vtsifipoyt.jpg,2
xmiyzzsybu.jpg,2
krwgclukhk.jpg,3
ymjrpyhplw.jpg,0
usufjbusoc.jpg,2
zpvrurjnvn.jpg,2
qrtagpyojj.jpg,2
gzmyqcyfhc.jpg,3
ijvzdsmoev.jpg,5
drxlggyxvr.jpg,4
zozuzkxpeh.jpg,3
lpfxrmrodp.jpg,3
ajwldsoimd.jpg,5
ikzrwngjwt.jpg,5
talgkaqvmu.jpg,4
brnzqywkys.jpg,5
qlbulhaaai.jpg,2
fsosvxurzt.jpg,0
qdcgtpekgy.jpg,3
honapgaevq.jpg,5
dkjbsroqzo.jpg,2
wvmeywwihe.jpg,0
bvmyowpkcl.jpg,4
zyqlmpnxvn.jpg,2
udejpdfgev.jpg,5
zvqazszaub.jpg,2
zcmogwzhvp.jpg,0
nzyqlfpnjl.jpg,5
qimllylfvu.jpg,5
hjekwjhfqe.jpg,2
pgfkofrgol.jpg,2
myyebrvwbk.jpg,5
kezxucjath.jpg,3
lfcsgroxfh.jpg,5
yfywbnbfgu.jpg,2
reeeuzafpb.jpg,2
vjldgslckb.jpg,2
ikwfifeamq.jpg,5
jiymhzzggb.jpg,1
nfcbfnldjb.jpg,3
usuplgewqh.jpg,2
almavqeilu.jpg,1
nffmuqcldw.jpg,5
lcypgrisgt.jpg,2
jtokdohfxv.jpg,3
dvdwkzatag.jpg,5
dmefewssjb.jpg,5
jhabklkvak.jpg,5
jtsygdqbfn.jpg,0
bxpdbrwsmo.jpg,2
mexbpuncok.jpg,0
iukfmgsyot.jpg,3
hxobripvqh.jpg,3
uyizkswkon.jpg,4
yzxpzixjgh.jpg,2
rrmonjuqns.jpg,5
tgcketmbrr.jpg,2
nqszlsesjn.jpg,1
ywgiyoibnh.jpg,3
dcqmpglehc.jpg,4
ddsebhlzfs.jpg,3
nkpkxjwsew.jpg,3
qpyommnwmj.jpg,2
ctwkauoygn.jpg,2
puqlowygpk.jpg,4
pfmiuhpheb.jpg,3
bithghncwh.jpg,1
gvjxkpcknd.jpg,0
ideiyjlsdj.jpg,3
sinvbxekis.jpg,0
snqrisxzwd.jpg,0
ixqtocruhe.jpg,3
vgeobdqjbs.jpg,5
iepcyjmjmp.jpg,4
uxchhdryus.jpg,4
qgrwcapkxi.jpg,0
fftqxjcgwq.jpg,2
fqpverijqw.jpg,3
dsyuuowohk.jpg,2
dndtdllste.jpg,3
gfneeqvsbc.jpg,3
gkqhefqyln.jpg,2
ivbmjpuexv.jpg,5
vwaekvlblp.jpg,2
adtgwqqifi.jpg,1
vklzmlrtpv.jpg,3
xcebkhkwwu.jpg,0
ershamppla.jpg,0
xhzcwulznm.jpg,5
zgguxxtydq.jpg,0
afzhnryjcf.jpg,5
khibxvrtzl.jpg,2
vzsvludknx.jpg,3
deexwshdcc.jpg,3
skvyztzhtt.jpg,3
mzzifpxqmc.jpg,2
etnbjrmtsc.jpg,0
urcxdchhpc.jpg,3
qftkmsdkaj.jpg,5
bjodpzkyda.jpg,5
gtrqxzmnsl.jpg,0
xfxfnettjr.jpg,2
xgcgawklgo.jpg,2
rxnphiizyv.jpg,0
eqkextzywl.jpg,1
upgbulsecc.jpg,1
lnzhwsvshs.jpg,2
abjeujzvlx.jpg,5
zodrfamjgk.jpg,0
ahlgnpdqxb.jpg,0
inkqwcwgwb.jpg,1
kuvvhpbqzs.jpg,1
kaowqtezku.jpg,5
mcjtgxdpod.jpg,3
gmudcmvuuo.jpg,2
mkypfgupyd.jpg,5
driaeeeanq.jpg,1
fqnuzdrnak.jpg,2
bapezjfhgf.jpg,2
lxlbrskhfr.jpg,3
pvafqulehk.jpg,2
ukmolcmjmb.jpg,3
rngyumyxpn.jpg,2
hudbzmiqes.jpg,2
sdbqekaryq.jpg,3
bgjmscawxw.jpg,5
wvadmmjwkm.jpg,2
gcfxxjdbhj.jpg,3
umtxtopfvt.jpg,3
vrnuynkjtp.jpg,5
lsfnjqnkem.jpg,5
yraklgebub.jpg,3
soifrldgrp.jpg,3
zaejzaajig.jpg,4
gferixulyx.jpg,3
bsdhtlwuep.jpg,3
aixgodaqjh.jpg,5
tjkyiwlymz.jpg,5
qxkghacucj.jpg,2
bhmzsgirpn.jpg,1
omeopuerga.jpg,5
naihqtqspu.jpg,4
mmvxgthqda.jpg,5
bilygffqng.jpg,5
geludzzgpg.jpg,5
ucarldwdsh.jpg,3
ntcjiwtdey.jpg,5
xbbbpunrxs.jpg,5
nxnakseitu.jpg,4
wsqpmtshch.jpg,0
ogkoigbljf.jpg,2
ldvvyhexmr.jpg,4
wwagrplcwn.jpg,3
syaenkcpdc.jpg,5
feocluhxpk.jpg,1
xtmpcudljl.jpg,5
nvmvobppku.jpg,4
hrvgdbhhqe.jpg,2
ugofqyrlay.jpg,0
lmmrhbtlwm.jpg,3
zlrmskquac.jpg,5
oopqiqxeff.jpg,2
cwygvwjifa.jpg,3
vhufdegffx.jpg,5
jqsvpijqbh.jpg,2
eoztoglire.jpg,2
zbxrhcykxr.jpg,3
nnzhlbcglg.jpg,0
pvpfzrlvzd.jpg,0
wuaxrsjelb.jpg,2
ucdrcvlnog.jpg,2
rnqnmwcwhj.jpg,2
etxxyerjck.jpg,3
eegzschhsp.jpg,2
mgfdptenbd.jpg,0
qgjxxrkryh.jpg,2
dkqyllnrjd.jpg,0
wxdlduhprj.jpg,2
skcygqalwq.jpg,1
hnjcfdpsao.jpg,2
xzjelwynar.jpg,3
jptatkiecj.jpg,5
oisdpufsdj.jpg,0
qrjxgutvxy.jpg,2
dwfrevbrqb.jpg,2
bbutjqdyjd.jpg,5
nuvibgetfq.jpg,1
wavhjbvwep.jpg,4
dzlkpvxsgj.jpg,3
sqbkixpjyx.jpg,2
cdtwcrdtlx.jpg,3
uimgnurspv.jpg,3
mvzewyrryd.jpg,1
snplgmztsq.jpg,3
pivezublcx.jpg,2
zrodbpolxf.jpg,5
cdsdtwuvop.jpg,3
snkhhbjiil.jpg,5
vsqydypqon.jpg,5
ouhkukkgth.jpg,3
wfcyaypvix.jpg,5
muluceoqxf.jpg,5
ftcqfyvxkn.jpg,4
mimvpbkslg.jpg,2
dhvgzmqnrf.jpg,3
iqdebqcrsb.jpg,5
gmyehqkvzt.jpg,2
tsqcqvposx.jpg,1
mjkhxeqvxt.jpg,5
qobhuvuqky.jpg,4
rlmwkeibxi.jpg,3
jnjaytronb.jpg,2
zjojxzkbuf.jpg,4
bnzvvhezrj.jpg,0
uwazyemocd.jpg,4
ydroviqbkw.jpg,5
xeoshpfxoc.jpg,5
pfaulyzmdx.jpg,4
berbzxyzhs.jpg,4
mnzpxgwntm.jpg,1
snwzrvfctw.jpg,5
eldjvhzlsm.jpg,5
phgwrtxzma.jpg,0
xduwgotgur.jpg,3
hfsanrftgi.jpg,3
jexfbyixyv.jpg,4
szsftiiujy.jpg,2
prizfblalg.jpg,2
gqizfwexag.jpg,2
yvprsglytv.jpg,2
kcidirlqjk.jpg,2
hymhjcafcw.jpg,3
qzrbenmnyb.jpg,5
dtgovhlojm.jpg,1
xpqmmgefil.jpg,2
kvwpgfbeix.jpg,3
cmnfvwdtkm.jpg,3
epvtafotgf.jpg,5
ohogdimqlz.jpg,2
dyzepcmzch.jpg,5
ksirvxnept.jpg,2
exnalzdzqs.jpg,1
mqpaksqggn.jpg,2
cgqgaesyas.jpg,5
bcirsiypfw.jpg,0
ystqnpscfu.jpg,2
hghxywsjrp.jpg,2
dsssmpdyvk.jpg,4
dkyyllwnuc.jpg,4
qkbtpiahmq.jpg,0
djwoiybbjc.jpg,0
xjlkoszkxe.jpg,0
lvusfayakj.jpg,3
omucfnpwyt.jpg,2
clriffmvvk.jpg,2
vvdehcyvwq.jpg,0
fckmxazpdk.jpg,2
tliupdgdqb.jpg,3
gpujwpmtks.jpg,2
gfxdzrecwi.jpg,3
beicmgicmc.jpg,1
vgewpiwkbn.jpg,4
ftsweoemqz.jpg,2
skgtyqeeph.jpg,5
xruqqsajkn.jpg,1
jhtctsoryb.jpg,2
vgfatxwudj.jpg,5
sgypntptld.jpg,0
sdtmavtpyw.jpg,4
gebxwlcxfy.jpg,3
hzzgcklyzs.jpg,5
liceluxfln.jpg,2
qsmankgeak.jpg,0
xauziogdvy.jpg,5
wrwyhpcwmm.jpg,5
cobprohobn.jpg,0
mrfgurrvlr.jpg,0
jykyhaoduy.jpg,2
kdholojtrh.jpg,2
uljkhytnqp.jpg,5
qjviklxujn.jpg,2
ruiyvylmfw.jpg,4
znqpxqgazi.jpg,2
wxnnykdbbx.jpg,3
vvttmttbwr.jpg,0
ihviihimlc.jpg,5
kkrzobbrxz.jpg,0
mboekszslg.jpg,5
slxivcqifs.jpg,3
vhuslpjrdv.jpg,0
eqipmobjoo.jpg,2
fyrqmniqna.jpg,2
qpdykgsuyh.jpg,5
twisawqbfl.jpg,2
ovokzagnxp.jpg,5
tvpdzkkjwa.jpg,1
ywkqufwrxv.jpg,5
txdpkiccfr.jpg,0
pscvibccyn.jpg,0
iysqmooaoa.jpg,5
agjyourezf.jpg,4
ortftrcauu.jpg,4
sboujdzzql.jpg,3
habyaulnuu.jpg,5
dktaxugzkc.jpg,2
vejfrhtpmx.jpg,2
pinsndxhka.jpg,5
osywevmxnw.jpg,1
oeoqmcstjw.jpg,2
hcmwvizmwn.jpg,5
ynrknicrso.jpg,5
quzvtbaszc.jpg,5
ffrdezoqax.jpg,0
eotbjsdlna.jpg,1
idcaazdsir.jpg,5
irmsblmkph.jpg,3
lwnisfuwjn.jpg,0
uadwjunopz.jpg,4
jqproiypri.jpg,2
osuigarzxj.jpg,3
pboltrktkl.jpg,4
roflmvvfwt.jpg,2
ylscnsvbhs.jpg,3
yivgicwtws.jpg,0
cnmdkmzdmk.jpg,5
bwepogkxvn.jpg,5
mseilskrfd.jpg,3
nnhucjeioz.jpg,5
faajzphaka.jpg,4
jylnhdzvcj.jpg,0
kedjoksqsb.jpg,2
aigibksiqq.jpg,5
xocffujvro.jpg,2
vdmdvnswro.jpg,2
gxiilbxnaw.jpg,2
imjwnxwziq.jpg,3
eursgypvzl.jpg,2
ikrsobezuk.jpg,1
felyiqmspm.jpg,2
vipezeuzvd.jpg,4
pesxsnmvof.jpg,3
iynheqnhsu.jpg,2
iuzkognkal.jpg,3
smajarxeii.jpg,2
yvyspqsjdq.jpg,4
ejgarbaerh.jpg,5
uiuftjclmj.jpg,3
mexobuhfje.jpg,4
gdjqozmxtm.jpg,2
cyupzonekz.jpg,0
lkzqsifqso.jpg,1
vidxmvbjxj.jpg,0
hjpnehvyyf.jpg,3
eierdjhgif.jpg,5
lqhcqxxbea.jpg,1
nzhoopyabw.jpg,1
jaccphzswm.jpg,2
cfrbvzkskm.jpg,1
kwqttblkdr.jpg,0
feoarwwsve.jpg,3
phyndfllgb.jpg,2
oarumuzkbh.jpg,0
rpakhqfwdr.jpg,5
raemfesnox.jpg,2
rxukosemdx.jpg,2
rlpyszvapk.jpg,1
burywwqczr.jpg,5
kqcsnzszwo.jpg,5
qounebcbjb.jpg,2
mozrjxoftv.jpg,2
kiekesjjkw.jpg,3
bexyyqzqly.jpg,3
jnqolxdzhg.jpg,2
thamikszzs.jpg,2
sttfpzanag.jpg,2
jynudioiey.jpg,4
pdbmmdujgv.jpg,2
ieiczatuzs.jpg,1
vnxmypepgs.jpg,4
isixpqjzkw.jpg,2
wrrneolphf.jpg,2
zaybwlnptp.jpg,4
eeyhyyfrdn.jpg,5
vmabtueskc.jpg,5
msqxjxggtt.jpg,0
khiqynaykz.jpg,0
usrizizlrn.jpg,5
airnupaszw.jpg,2
dmyyhzdrbd.jpg,3
zhqebcgerf.jpg,5
oleeeovbzn.jpg,3
iaoogssfdm.jpg,5
tpdpxbtpmj.jpg,2
vgkinrzicp.jpg,4
kkopmymbis.jpg,2
bgntkpdoew.jpg,2
hveewgspcy.jpg,0
ymsmqhaksp.jpg,0
ubqrbgdzva.jpg,1
adevqhckue.jpg,0
qygknrxptu.jpg,2
ohzcldqpah.jpg,2
fyulctplzg.jpg,2
ikhdxlfrob.jpg,3
myuuhymalv.jpg,4
slvmhhhelf.jpg,5
etyyhelyvd.jpg,4
kagzlmcnrm.jpg,2
zcrmqkuyld.jpg,0
ulclntoljc.jpg,2
oskdpqppyj.jpg,0
urfntkdnat.jpg,5
faliylwnnw.jpg,3
ffiwwijduy.jpg,5
errysfyoby.jpg,2
unwojrcabs.jpg,3
zglgwgcrtc.jpg,4
jkyisbdoqh.jpg,2
pbefqfufdb.jpg,5
rbzrgbulcb.jpg,2
vgqrgcubde.jpg,3
xcynoxbzow.jpg,2
lwvqtqpcyc.jpg,3
rqmmijxdbk.jpg,3
yepyszmgnd.jpg,0
pphsqgioro.jpg,4
rendivsdfm.jpg,0
fvkqviresw.jpg,2
bfuegyldwu.jpg,4
zzdubywvak.jpg,3
xngwkcfzyr.jpg,0
jfluqykthk.jpg,0
mhygxezsqw.jpg,2
hifgyermfj.jpg,2
kxrmyriyab.jpg,2
dqscvrcjft.jpg,0
xtebojydlk.jpg,3
srxhkbankg.jpg,2
zahvamcayt.jpg,4
ikgkbuxrsu.jpg,5
fcoukplhko.jpg,2
tpccqlvkqp.jpg,2
hzfhimbmmg.jpg,3
nigwskdpju.jpg,5
hecdnlujhg.jpg,2
ybwpxxojmq.jpg,2
ghbyhdsbpk.jpg,5
ubslfgwber.jpg,2
uffxnvgici.jpg,1
ylxyvrojeh.jpg,3
vhabgldtmr.jpg,2
upqreblygx.jpg,4
zfmhsnwizf.jpg,4
mdbnzgesqz.jpg,4
xejuyfvgzg.jpg,0
qlzslcurqf.jpg,1
ajykwttslp.jpg,0
fkdszppbkd.jpg,4
fpzvdkjgnv.jpg,1
anuhgenomo.jpg,3
llhklqmcsc.jpg,3
dzoprmonxg.jpg,5
twxrqzrfpy.jpg,4
firtpxlsxc.jpg,2
lkxyzklvgb.jpg,5
skxqrrsnqa.jpg,3
yrobqyezhv.jpg,5
lseovmtteg.jpg,2
bsudutqtji.jpg,2
ucjrzcupbc.jpg,3
odpgxluzpb.jpg,2
xopoytjdhl.jpg,2
sjjarukepf.jpg,0
tnzcatllqi.jpg,2
vhbqmqhhew.jpg,4
leatpwqmyp.jpg,2
yopdcqugem.jpg,2
hscpypojti.jpg,4
rkocvcfkfk.jpg,0
rtzqjcjfpw.jpg,5
emomynwgnw.jpg,5
gaexuudjlt.jpg,2
fxzmxaymim.jpg,2
girmhammsw.jpg,4
zacfbvqmzt.jpg,2
crqajjjfco.jpg,5
bbztwdkggv.jpg,5
txwnomgtba.jpg,1
eoheyfoagx.jpg,5
vlwcqyhovs.jpg,3
vdpbkfsvti.jpg,2
uxooakenha.jpg,2
vvpqohopdd.jpg,4
rhozupilfo.jpg,5
xoewviszlh.jpg,1
yppexxevln.jpg,1
ilmryecoyi.jpg,3
rmcdrdusyi.jpg,4
uszwnttpky.jpg,0
ixphawkvwx.jpg,5
miccevyllp.jpg,0
axsaossoio.jpg,3
eqomrvqvws.jpg,5
ujrniylwvi.jpg,3
hcboarobgz.jpg,5
bzerommfnb.jpg,3
dszaeatndn.jpg,5
mljiazvjzj.jpg,2
vypkwnnnfh.jpg,4
ktxnldeopp.jpg,2
fwmkmgfrnh.jpg,0
yidcrqglpr.jpg,2
eqtpgrcnyg.jpg,2
okvfflnbkg.jpg,4
rbezhewykz.jpg,1
apvlievgoi.jpg,2
oqcvejwtsi.jpg,3
tsmshhittt.jpg,2
pmlevwbicj.jpg,5
tctbqtuqen.jpg,3
ajikjgghyn.jpg,2
hzjkqpnqrq.jpg,0
hmdvnkxrjk.jpg,1
qrvpkkxapv.jpg,2
zgiicbrogo.jpg,3
vlgpqywgnk.jpg,2
kanadpipgw.jpg,2
vcekdxfrsf.jpg,3
noyawxkyfi.jpg,3
jzzonzxdqs.jpg,4
suhwzzugle.jpg,3
mfcfkhmkpa.jpg,2
mvwwqfctqp.jpg,5
uezfrpeugo.jpg,2
utyfjumvgs.jpg,2
dgvvbjlhdd.jpg,2
flahsccoht.jpg,1
ucestjvouy.jpg,2
jujrhudiib.jpg,1
jgebjiuqas.jpg,5
kneofaawwr.jpg,3
ritwlmruuh.jpg,2
ztqfshguuh.jpg,5
qbjbfirihi.jpg,5
jallljmdxc.jpg,4
xlmbculyxy.jpg,3
pbruqirpfa.jpg,2
botugwukce.jpg,5
tenwqsgezl.jpg,5
xtgjdypiaw.jpg,2
fknhrwdnpw.jpg,2
fsydbutwuv.jpg,2
aefhpbklvn.jpg,5
nkemwubzem.jpg,5
bbeokeyvbb.jpg,2
ndtysnkyuw.jpg,4
xcouqroxaw.jpg,3
bmzqrshbtf.jpg,0
pnsrxyofuu.jpg,4
pkzcroxjsk.jpg,2
odpolbofur.jpg,4
uzmvygayag.jpg,1
bbgatolcsy.jpg,1
enfvquffiq.jpg,5
yuurfuuodn.jpg,1
favvmmiuzb.jpg,4
tutjaflptd.jpg,2
zylbwqjowt.jpg,1
fyatxqsxzn.jpg,5
apzhljzpnz.jpg,2
pedmikpqsj.jpg,0
idtlwcjtcn.jpg,0
dwntbnpbcj.jpg,4
ziyjmhlahk.jpg,5
gardiryhkp.jpg,2
scvdigbtut.jpg,2
gdzgttvnik.jpg,0
utjztlrsjh.jpg,4
udchluaemb.jpg,5
ptnbkokvlo.jpg,3
bcsvmhuyxc.jpg,3
phkmhglyde.jpg,0
hwitzskavr.jpg,4
aqnpspsqfg.jpg,2
ndmslglurp.jpg,3
xzclsbxoju.jpg,4
fjekanfxkk.jpg,3
sqcowkwyto.jpg,3
cdmaflnmkq.jpg,2
xbwskyvitp.jpg,5
qfepogyzyq.jpg,3
qgowzipfrq.jpg,2
cvoblfnjra.jpg,2
czjvvqybbf.jpg,3
dhdpujaloy.jpg,4
qwbrmkeagg.jpg,4
uuorjzqmev.jpg,0
lilcozglyr.jpg,1
wcqgyaydrd.jpg,3
idyzmjitmb.jpg,5
jdjezmgyer.jpg,2
kfwudrekbm.jpg,4
eaowyzxtqi.jpg,5
qaheuveetu.jpg,2
tsfokyctir.jpg,3
jkayqdptfp.jpg,5
cpjlvhflyo.jpg,5
mxxiikhxna.jpg,3
yxrwchcgyl.jpg,5
mbzfmerobu.jpg,2
gvqcjxwuhd.jpg,3
xqiwquqffw.jpg,5
dczeasltjp.jpg,0
uavtcbsmev.jpg,2
wfiswtvulp.jpg,2
qjmmxtvfgz.jpg,3
nniwkskjfq.jpg,1
vgknqoukrp.jpg,2
zjbcwxsqgl.jpg,3
mczrumwxks.jpg,0
uilqyoagyx.jpg,5
wqqssgoaba.jpg,2
skqdwslqgy.jpg,5
xxkyytbbzi.jpg,3
psrvztsxov.jpg,1
xutwuhwupe.jpg,5
tvkdmbqojl.jpg,5
shuexiwweh.jpg,5
ofjdqlfyto.jpg,0
xobheaedsu.jpg,2
ehvfsnqklo.jpg,2
fupzwlgbbp.jpg,5
ljrebyqxxf.jpg,5
fnwxdlrxhd.jpg,2
dnnuookmld.jpg,2
yncspsaigb.jpg,2
irkiincofb.jpg,3
yzylubtrii.jpg,3
rjbjijnghj.jpg,5
bexlluqhmt.jpg,2
vgktnrrtmh.jpg,0
vsqvxqddyf.jpg,4
yjhhoioued.jpg,2
wzztcjuthp.jpg,2
myihahfuwv.jpg,5
ipxlaspomb.jpg,2
ypskcwqotv.jpg,0
linkcpgnzv.jpg,2
ihunnakeik.jpg,2
excbudphyq.jpg,0
nqqnwknoad.jpg,2
puwrnyjyjq.jpg,3
bdersxhajf.jpg,2
emzbhhhmyy.jpg,3
rrmzcfjzgq.jpg,1
xetroiptko.jpg,2
nygocaqjic.jpg,2
sjwxcelgfc.jpg,2
anavhnbguo.jpg,2
spxrpificc.jpg,2
gtfsciufif.jpg,3
ocmsoqjhoz.jpg,5
wctfvwwgwn.jpg,3
olxmonuafs.jpg,0
fwksbgfdpu.jpg,3
rkrbicxqpk.jpg,0
jmdrmavdly.jpg,0
klujqghwsq.jpg,5
ptypseegtj.jpg,0
xdsqghnzmj.jpg,3
methkxiasb.jpg,3
apyrjnktoe.jpg,3
gqwtrhotfw.jpg,3
opfnlzirei.jpg,2
iupbdijznd.jpg,5
azbfvqakqy.jpg,5
brcjnfjbfr.jpg,2
rgfosyqsfg.jpg,0
gerituapob.jpg,2
ilblxhwcfi.jpg,2
bqmisyahed.jpg,3
xcsyhxtjdc.jpg,2
hjtjjkuhoe.jpg,3
imhxozsljv.jpg,0
kdqhxrksch.jpg,5
djefmpcbgx.jpg,4
jgfjrehqwv.jpg,2
trpmerwxin.jpg,5
wqsdyqtnzc.jpg,2
seugtakozm.jpg,5
vfmyeqaqwv.jpg,3
vgciqebbaq.jpg,4
nvotqyuumt.jpg,5
ydpqjhseie.jpg,2
msxshkbngi.jpg,2
baiprborzz.jpg,0
lflvgavodf.jpg,5
qqwzywcixc.jpg,4
pwemxykucb.jpg,2
rgdtfhdfwu.jpg,3
rpzdwfdmbl.jpg,2
mnrrbhuwoj.jpg,0
tmwvzvzaoh.jpg,5
enjrnokhou.jpg,3
kwyblwhivh.jpg,4
xiwbahnriv.jpg,3
qukhaoesea.jpg,3
hznocptgkn.jpg,2
mnjqkrfujp.jpg,4
uxikxsyjyq.jpg,2
uwhqztxnoa.jpg,5
grvqkgwwgk.jpg,5
dgngodumwo.jpg,2
vydiidblns.jpg,5
rurprhxwmf.jpg,0
wxurmthsxp.jpg,2
ziomnsitho.jpg,5
zzzghrsqxv.jpg,5
nhumsozgmw.jpg,2
ugogucdlxd.jpg,3
wtdnvseecn.jpg,3
rnvtdsvkng.jpg,2
leztiicach.jpg,4
cxykdymomk.jpg,2
hhiznvzpeh.jpg,0
qodptexwlq.jpg,2
gwixdowvxe.jpg,3
cextrraxwp.jpg,0
edqrwjojzo.jpg,2
tpcjiqydoy.jpg,3
upuxlndnap.jpg,5
gkvthsuvfh.jpg,3
dopzzqneuv.jpg,5
jnmkqojnyd.jpg,2
dlsnusbfbc.jpg,1
dpcleinvct.jpg,2
euvbbcwdws.jpg,1
uxmrmqqsdk.jpg,4
dwzfkllofp.jpg,2
yqqfrhdcml.jpg,3
eswihewzto.jpg,4
rpscvdmbxy.jpg,0
agjgwujirp.jpg,3
fyolhmkjyn.jpg,5
lmqkqaqzan.jpg,2
lzaenhggkz.jpg,3
wzvxcwqjzp.jpg,3
jfcjjpwhtt.jpg,4
dmjdaxwruu.jpg,5
swtjhiwagn.jpg,5
nazoydzgye.jpg,4
aezfvfevru.jpg,3
ajquwcvefy.jpg,3
akyygzecwf.jpg,4
stcwmuiqri.jpg,5
bnsosgxgrg.jpg,0
fovuhtfcrj.jpg,2
bgpjlpvhrp.jpg,4
lvmawpbbez.jpg,2
dpntepbndf.jpg,5
dmzlixxbcd.jpg,5
tonxpwgamn.jpg,4
rnrwbqtrrs.jpg,3
fntanftceq.jpg,2
pfhaugsogn.jpg,0
zlzktxkqqq.jpg,2
ynkqjjcxnc.jpg,5
yctvsxpizo.jpg,4
swrbjbjkie.jpg,4
pykjrrqswp.jpg,2
gfziclcdvz.jpg,5
ybbncmrhuk.jpg,1
kjuqbfncpl.jpg,5
phaacerzab.jpg,0
nvxupfgkph.jpg,2
wynueqkycd.jpg,2
mwansvgmaw.jpg,0
pqyskmlycv.jpg,2
svpxtwcoxr.jpg,5
oandsejjuo.jpg,2
iarcucgasg.jpg,5
orxydtbonx.jpg,3
pudayrjeki.jpg,4
fpaehoudri.jpg,0
kntahsakqz.jpg,5
wlcfijvpde.jpg,2
ytacvmyxgc.jpg,4
rslabcseta.jpg,3
wffiblhqco.jpg,3
pyvkyassxr.jpg,4
bybcwudoob.jpg,3
lsdskdbyeh.jpg,5
gqmupbomdl.jpg,2
lpbzxqtowr.jpg,2
clzkyqiffx.jpg,1
ivzjuifleg.jpg,5
zckagkuhqy.jpg,2
gbjopupoab.jpg,0
qqewpmqpkf.jpg,3
jewdzoipla.jpg,4
glffuvxtlh.jpg,2
stpbyiktwt.jpg,3
knuykyxqfk.jpg,3
nwwpvnbceo.jpg,1
oostaodmyz.jpg,0
ziabctiyrs.jpg,5
jezdjjemcm.jpg,3
bkzekvnkjy.jpg,1
fulbbugvkk.jpg,3
pibhrmrwdz.jpg,2
fgiutlekps.jpg,2
aqprkdcytp.jpg,4
dqfmfsmxiu.jpg,5
iivovqpmor.jpg,5
oiiyxlftsy.jpg,3
cpkrbbotdk.jpg,0
gqxrfuowiv.jpg,5
esbtabruog.jpg,4
mxzxggxoeb.jpg,2
rhsfqlofay.jpg,3
vdjszylbnm.jpg,5
priygkndnl.jpg,5
mrzaigbxdf.jpg,2
ykcndmxulq.jpg,5
hvpzwoslbc.jpg,3
pzbvfloyil.jpg,2
dtamovsydl.jpg,2
yqansrwkky.jpg,4
eqluinbudf.jpg,2
ghkhwwwzcn.jpg,3
ildwrkjrjo.jpg,4
elbxiftbwf.jpg,2
yiymtctztk.jpg,5
whedxhagjs.jpg,5
jsqtkyhirt.jpg,3
dhctepyrog.jpg,3
vrxitmgppd.jpg,2
pvyouotrky.jpg,1
wlcjepqiyg.jpg,2
iluoecyhfu.jpg,5
vnoyrlakhq.jpg,2
iarpqxkvan.jpg,2
kfvlzfwqup.jpg,4
qvkemcoqwm.jpg,2
zjzgsqpvgy.jpg,0
dngoezumzz.jpg,2
jaxsfrdoiv.jpg,0
bekhzycfes.jpg,4
ewznhdmslk.jpg,3
geanaznjpo.jpg,2
oyptyvathq.jpg,2
inxihkjdoq.jpg,2
bwbcsczugk.jpg,1
lykiycxmcb.jpg,5
gzehxeuayw.jpg,4
vomumzbkrj.jpg,4
uafcaezicn.jpg,4
gfuycqobse.jpg,4
lfxdaputif.jpg,3
zsnxyusvcv.jpg,5
ufabjbdtsg.jpg,0
qdotoradon.jpg,5
bfmnpolvdv.jpg,1
ucresodyct.jpg,4
pkknggpwsp.jpg,0
dtvfcjvjar.jpg,1
azelqhwhwk.jpg,5
fofodznkap.jpg,1
wyjwcqxjlv.jpg,4
vcevskmqvl.jpg,5
dwwdlihdyh.jpg,2
joyxmzcflg.jpg,2
chspestfae.jpg,2
wxvadnmbfm.jpg,0
hnitmhioun.jpg,2
hdypirrfom.jpg,5
xsjrfosxrw.jpg,2
cowqjyztao.jpg,4
dklbmxfplk.jpg,4
cpaddpzrwq.jpg,2
znfffotzzc.jpg,2
ikftxpesvn.jpg,5
rpxcqpkqsm.jpg,5
djtmsuoyqt.jpg,0
wrgqbqpawm.jpg,2
qmwqxlinuj.jpg,1
oylvycsmuw.jpg,0
wioyeroard.jpg,2
ifjqejqghd.jpg,4
neqdmtriwi.jpg,2
ttocjcfytv.jpg,3
shekrscume.jpg,3
unormpbdzm.jpg,5
ujywkhmues.jpg,4
sjlemjpgsk.jpg,2
vrbjmkdxzt.jpg,5
pwfunayamr.jpg,2
sfhlayobpz.jpg,1
utkgozgddt.jpg,4
viyumuosdj.jpg,2
birkxgyvft.jpg,2
mmoghtrkif.jpg,0
tzeitprrhn.jpg,1
lpoqfoqliu.jpg,2
npqfogghpz.jpg,3
dkffufywjq.jpg,4
prsiuuvkst.jpg,5
vydfgapcme.jpg,4
amguucsqhv.jpg,3
kyeasempee.jpg,4
udkaonckbq.jpg,1
glehvepkek.jpg,5
azmxurfzwg.jpg,2
uaknrxarrl.jpg,3
wqqgcadfby.jpg,5
elahoedfes.jpg,2
gmshrxejmz.jpg,3
ifjclcovlr.jpg,3
fgipewoqqn.jpg,0
pwzqtvpsqr.jpg,5
afafhsirqd.jpg,3
lbhxeffnnp.jpg,2
vkkavbrfdi.jpg,5
xnsxsmhlrf.jpg,3
grroelwprf.jpg,4
ckrnjgbfot.jpg,2
odnycfgxwr.jpg,3
unocxapgsd.jpg,3
vkmpuxhicu.jpg,5
dbatfywbbn.jpg,3
kpmppfxxzx.jpg,3
yfumsqibsr.jpg,0
hsyufcmkcp.jpg,2
nzlkdmyyap.jpg,4
rdctqrcskc.jpg,2
sqtofkoyuv.jpg,2
tvcpeoyqln.jpg,2
shxwrgwuki.jpg,4
hwlwrwukzr.jpg,4
evbcqgwxtv.jpg,1
bhudedocrd.jpg,5
nawtxxmjvg.jpg,0
syacfpgvyy.jpg,5
ivbtcfrpye.jpg,5
wcpmxnlryl.jpg,3
krvkmlfeuh.jpg,5
gspoeyzrwq.jpg,2
gjhqzrtdpb.jpg,2
xnnrleoega.jpg,2
ucwcgxigdw.jpg,0
dyxvcwlozb.jpg,4
qolpxnqekm.jpg,0
hlodjaaxou.jpg,5
wdmeyzvoiz.jpg,1
tlsfpnwhiy.jpg,3
lmjbjcvlpu.jpg,3
eobxrrlpeb.jpg,2
pcweixaizy.jpg,1
uwaukssjsw.jpg,5
ymllckjymn.jpg,2
uqxeirxfaf.jpg,2
wypcleoevc.jpg,0
iyclzmjllb.jpg,4
eugxdjruzj.jpg,0
pbqycsoszt.jpg,2
cjbvueyuwv.jpg,4
mxfpdtwxtq.jpg,0
rtfypnmndn.jpg,1
hnsadcavni.jpg,2
wuelcdubif.jpg,4
darsucvusp.jpg,4
fnncszezuw.jpg,2
icsznmziow.jpg,4
cwpzyputee.jpg,1
ehtaemhtuv.jpg,2
mdhotmzqfj.jpg,3
bicizkucvx.jpg,0
impjesckhg.jpg,5
fbhmyakixv.jpg,0
kudfwyltoj.jpg,4
ffkcjzpwuj.jpg,3
qsmvlkaiub.jpg,4
lalihusvqm.jpg,2
flcksfkzax.jpg,0
ovbvudhbpv.jpg,0
guzmegbxdk.jpg,4
azvrdqikck.jpg,5
jjslfksfsb.jpg,2
ebtffllddt.jpg,4
emguaylthv.jpg,2
yrnxgzjglf.jpg,2
gxpetvlvfq.jpg,2
ehnyyhxyij.jpg,2
uvcvirgild.jpg,3
umsaoarqae.jpg,2
mlhozyagdf.jpg,3
ijuktmhdxh.jpg,0
lpmxljkrmu.jpg,5
knsmajojsc.jpg,2
atqblshxim.jpg,1
mhkrsfgjpw.jpg,2
uumsffxykj.jpg,0
tcbhawezhf.jpg,2
jzisqkgzfx.jpg,3
lnkysoythl.jpg,2
ghocxydbpm.jpg,2
ykqdntdqiq.jpg,5
kptwjloxrr.jpg,2
zmmhrmnhwh.jpg,5
vfoxjbaglo.jpg,3
kvmcnpzmns.jpg,0
qtqbvgejas.jpg,5
chjlxfzkun.jpg,0
qcdlvhgopt.jpg,1
xqcihaxfpb.jpg,2
ooolbernqu.jpg,3
vhfvwjdibd.jpg,0
vbshgnypnb.jpg,2
rmswikuchq.jpg,5
kzmqegfkte.jpg,2
qfrqudkdni.jpg,4
hvpcpfipkl.jpg,2
vgkrezpaol.jpg,3
udxmlhbqun.jpg,2
jrzsduwenl.jpg,3
suihpiuzwy.jpg,2
plguuqcago.jpg,3
jlngwgijwm.jpg,2
opilrizssj.jpg,5
czspaltvyk.jpg,2
fgrbfqcaok.jpg,0
fvqqxacjwb.jpg,2
pwsxkgwzyw.jpg,2
kgomvpfxhd.jpg,3
yrcyezfuee.jpg,3
kxwdbvblqn.jpg,0
cdfcvqfhrt.jpg,0
jhgizmbrlb.jpg,0
hhfxxbtblx.jpg,5
afhqvaniko.jpg,5
ndaituvuhu.jpg,2
wtepznfrml.jpg,1
evmrwurxlu.jpg,0
ummvjsiwkd.jpg,0
ezfqqrrskm.jpg,5
ruqsvftehi.jpg,2
uxdwfifful.jpg,4
xlhfpfeijt.jpg,3
xtjspmzyak.jpg,2
jzrzkfxekf.jpg,1
cdlaksxnok.jpg,0
vlblthzhiq.jpg,4
jqtjbjyeka.jpg,5
rwuskijjnj.jpg,1
kxbcdkiewc.jpg,4
vzkptyntoa.jpg,1
gkhrecnvau.jpg,0
blyzfenwpj.jpg,4
vhhrtrnqhy.jpg,5
fdrqgawjti.jpg,4
nfydziwfak.jpg,2
mcigidzwnk.jpg,2
omuvoohnsc.jpg,3
joednuqeex.jpg,2
yzcaztfigv.jpg,2
eadndnkaaf.jpg,0
zuovxpvtet.jpg,3
neovttsaqb.jpg,0
fyohfcodyu.jpg,5
juqsrhmqas.jpg,2
vouhkscquv.jpg,2
nobfibqult.jpg,2
zqchxqioki.jpg,2
qkwswdhdtv.jpg,3
lxmhvoztkp.jpg,2
lyhqkhoiwj.jpg,2
rmeejcpfjd.jpg,3
uthdnkiopv.jpg,4
idegmawcsd.jpg,5
ywnhrwehvt.jpg,0
jdwgmttxea.jpg,2
jzxizuezgr.jpg,5
tssknduzce.jpg,3
hypwpteaqb.jpg,1
qqvndjabby.jpg,5
sjhobmissw.jpg,1
orjnevhbda.jpg,5
hgaqhobutv.jpg,1
pebqddthnq.jpg,2
whmvuhgrwi.jpg,0
mgxxuhtbrg.jpg,5
ynezaxkgbq.jpg,2
ihmyynpsrc.jpg,2
nhiyyhymuq.jpg,5
wlgsehpctt.jpg,5
iyfdngmyyu.jpg,5
aabeiohcbb.jpg,2
memiouyjss.jpg,4
vpbqqhllmx.jpg,2
izkpvothgi.jpg,3
hocznbgkhm.jpg,3
xnfawipzqz.jpg,2
vfjbvjqvzq.jpg,2
uohbpqfrfu.jpg,2
qnbhhvnchl.jpg,3
rynwcbazei.jpg,3
ybdscjgncl.jpg,0
pnxccneayn.jpg,2
ruunmekntg.jpg,2
sizdhtadef.jpg,3
jmawhtiuoj.jpg,1
awlbvujbkh.jpg,1
vfqssgphqd.jpg,0
kxenowhqkz.jpg,4
gymxrijsjo.jpg,2
sptqnhaych.jpg,4
bhoodgttyq.jpg,3
kgdkmizbwi.jpg,0
ibrusnfgfw.jpg,2
tqqdukebli.jpg,5
kzhgqwwxuq.jpg,4
ntgowpuisk.jpg,2
jebyrxgbhd.jpg,3
gpvrwozuaf.jpg,3
rqtihzhbth.jpg,2
dolzskvrpr.jpg,4
uukeznahpm.jpg,4
bujzttycwr.jpg,5
ufsfhuxvdo.jpg,2
xkcrpeajzf.jpg,3
wiwzixcpyg.jpg,2
gbmpplasmm.jpg,3
efcbqgkzft.jpg,2
bmzpjevnxx.jpg,2
ibtgruhcwb.jpg,3
tynzqvaswn.jpg,2
ymlbrlidfk.jpg,4
vmggwsaycc.jpg,5
odtzuqhrzl.jpg,5
aflfmpoiah.jpg,2
cuvxormoum.jpg,2
zqugyschbp.jpg,0
gfirskmrvt.jpg,5
esdvbtcvwq.jpg,3
cvhcsdlclo.jpg,2
smmdpenbnq.jpg,2
eagzylernj.jpg,0
drrywciega.jpg,3
wjamqrlxgs.jpg,2
ecwzsjezpm.jpg,2
xqvixhlxik.jpg,2
fgpbpmxhat.jpg,5
hysymuskiq.jpg,5
gixagrdugl.jpg,2
tlyjnanwdd.jpg,1
yjmqsxuhxq.jpg,4
zglqzuygeg.jpg,3
miaduvesjk.jpg,5
ywqrrqtydj.jpg,0
ytbiodiuxj.jpg,5
vkqkppronp.jpg,5
dwgzjgzrpw.jpg,0
axhetjuwmd.jpg,3
nagtdtjhhr.jpg,0
vviukiwtva.jpg,4
thvnfncvkn.jpg,3
cclpgqqeco.jpg,3
gfyxjcxkdz.jpg,2
mgqouhthvj.jpg,2
fufwciqcse.jpg,0
flvvawhxxr.jpg,5
csllhsidrt.jpg,3
pqfdywictg.jpg,5
ufvkbvipbo.jpg,0
wnxmpkogcu.jpg,4
bcpbklnvsh.jpg,2
ijavbcphcs.jpg,2
wpgxmhoxks.jpg,4
xtlhyhflhs.jpg,5
hahajvnizc.jpg,2
lbueknatgd.jpg,5
qtgczqfrem.jpg,5
elhtfwddkx.jpg,4
ysqvijzqoz.jpg,2
wibqhhfowc.jpg,2
tvcudghotz.jpg,2
gtcbreibfq.jpg,5
epumtiblrs.jpg,3
cxwsyuoyog.jpg,5
hcgjrbrruv.jpg,5
morowisicd.jpg,5
sdyemxuetl.jpg,0
axncolpmwm.jpg,3
hxutwhoebz.jpg,2
pxokyswoys.jpg,2
qhyuwlcycj.jpg,1
wuzpbmktls.jpg,4
anwyucunbv.jpg,4
aecuazyejc.jpg,0
qicfymadnq.jpg,5
vorzehbqpj.jpg,5
gmgggjepnx.jpg,2
vxglutuxkc.jpg,1
gjldzhcmsl.jpg,0
vbsdimxqcy.jpg,2
qdhbzskajh.jpg,3
flofpgczua.jpg,3
batljmxhvp.jpg,3
edvbwckgjv.jpg,4
cmpxgftdio.jpg,1
fzztydvmmc.jpg,4
knwdgewkps.jpg,2
zkbmudeupu.jpg,4
oynhtoankm.jpg,5
gmfaevnbos.jpg,3
twpgvvgxrh.jpg,4
olidjjubwc.jpg,5
iauxvkicnu.jpg,3
qetlezrsqq.jpg,2
ioaredekcu.jpg,2
cgintqajbd.jpg,3
dlmvfcomkr.jpg,0
mepethgdwp.jpg,2
okjlihwejv.jpg,0
lysoqdgtmo.jpg,2
iqscktzmbk.jpg,3
dxhqhyhehl.jpg,3
zplmtxrhns.jpg,0
ckrhbydsjk.jpg,5
awshgxpack.jpg,1
snmpybbfgn.jpg,3
xgnswhsdsl.jpg,5
xhzillwjzq.jpg,4
vtrmwoywqf.jpg,3
jjvuplagti.jpg,0
ixaudswxqc.jpg,2
ggffwpphjp.jpg,5
vofpqbfuyk.jpg,5
kjfirblkju.jpg,2
mpqjycbwwu.jpg,2
cwzibgrffh.jpg,5
lbjrhqrxtn.jpg,0
saxyrvbukw.jpg,5
hkxfjqqxqa.jpg,2
ybwzwayfou.jpg,2
tzuffjmqcm.jpg,0
laadizrslp.jpg,3
wbhnvvjwwg.jpg,5
lawlmoygqn.jpg,2
uvizirmbcd.jpg,5
jvceeshxas.jpg,3
sdqpabvzqc.jpg,5
ptiycibbdq.jpg,0
cosqkihryg.jpg,3
ykrgtkshlx.jpg,2
bmylmzjtrb.jpg,5
kzvfclauqc.jpg,4
nxlxymwahe.jpg,2
jbyuiugcbf.jpg,5
oezkdhzfiv.jpg,0
qfoeabfdqg.jpg,5
oqyhksnfxn.jpg,3
cjjjocdmye.jpg,5
xzhthaikdb.jpg,2
frpbupjyic.jpg,2
jgdtckygcy.jpg,4
dawassjjac.jpg,2
pfvehqvuzv.jpg,5
jbveumpjri.jpg,2
gcciuykmot.jpg,4
hagqubalcj.jpg,2
ztwogrpqap.jpg,3
hqokhscwtd.jpg,2
jkpdqqoert.jpg,4
hbkobveomb.jpg,3
cysemmomra.jpg,5
hqhlfgwdnd.jpg,2
hlgzexgolc.jpg,3
vqosboulxa.jpg,5
csnvlnuvlh.jpg,0
iemfvmknnq.jpg,3
bbejipzudd.jpg,2
ddlxoxsead.jpg,3
oxqjfgdhmb.jpg,2
yvbkbzrmxa.jpg,4
tyuquwuxkh.jpg,0
fjolnnywdm.jpg,3
yytnxfheuz.jpg,5
caiybdeaxa.jpg,2
zueohbkkva.jpg,5
cxcrcusccm.jpg,1
jexnnbfled.jpg,4
tuftevzgoo.jpg,5
qogyrzdgxz.jpg,5
esygfxbtww.jpg,5
jzscbgptix.jpg,2
paitebbssu.jpg,5
apjpajnhin.jpg,5
kzbsltirhg.jpg,1
swuyuedvlo.jpg,5
kutgkvuzhu.jpg,4
qogevcdkzw.jpg,4
fafqzriick.jpg,5
jilgkjxapf.jpg,3
kaivqyazrj.jpg,0
auhilleswe.jpg,2
ejahvnsahv.jpg,3
xgplcagdkr.jpg,2
xsigoecuwq.jpg,5
aqsqvcdxdz.jpg,5
wyfqufhmsd.jpg,3
eiagwlqzga.jpg,2
azgrratpgb.jpg,3
qnupqighqx.jpg,5
xtfutqgtbn.jpg,2
tjacnqnajr.jpg,4
xhkxyoiwoa.jpg,2
bgiogxdvuz.jpg,1
xuucaraivr.jpg,5
xqzhdxpcoi.jpg,3
wirfojkuin.jpg,4
qbnhzsosuk.jpg,2
wooalnbnzq.jpg,5
gwblxrpaai.jpg,0
pbscgudcjz.jpg,5
ednhozpmyb.jpg,5
tshpnawala.jpg,2
mkdfrzmjzr.jpg,1
jwvsrduqtu.jpg,4
ufyynftdzo.jpg,0
lpcvuqbirz.jpg,5
noaagkweol.jpg,3
afcckrrokt.jpg,3
glzpapdgtw.jpg,3
osbzcqrnak.jpg,3
zuvmsawarm.jpg,2
mdqjnrqxom.jpg,2
vknsdsawwq.jpg,4
meejdtzfsj.jpg,5
zxvaltafdw.jpg,5
gejarwknta.jpg,2
avxanqjsxq.jpg,2
zqqboiwpah.jpg,1
tetcvbimis.jpg,1
cygjxosdnv.jpg,2
fygwxinpmq.jpg,1
ewsyernfew.jpg,4
pkhpvkaaxr.jpg,5
jyfwznjytj.jpg,0
iwclwwfmll.jpg,3
odxzvcdvtj.jpg,5
ggtxanjkxz.jpg,3
ogysqxtsbe.jpg,3
juxemwlwxv.jpg,3
dznobpbtsq.jpg,2
eqruutqahk.jpg,3
iwkdpnafaw.jpg,5
mqedtryeqr.jpg,5
einstowfve.jpg,0
jezdluesnk.jpg,1
qsjxaomsae.jpg,5
mzcjyuecrk.jpg,3
dkihwhmfli.jpg,2
dvboznlswh.jpg,4
ytsibvgbgs.jpg,2
cssrfbogfx.jpg,4
pjqnoxjdpl.jpg,2
gjhxqveusq.jpg,4
nkwrtdwokr.jpg,2
bjsahwrofk.jpg,3
xyaaecnbjd.jpg,3
qznwmksehj.jpg,1
smilwqxguv.jpg,4
hzitncapjw.jpg,4
wviiiokstr.jpg,4
bfqluskerb.jpg,4
iitedhspjr.jpg,5
xgonzopatr.jpg,0
jhrjhukcpe.jpg,2
ybawfgjmbv.jpg,0
bjdhfzrnzi.jpg,0
uqtrotgqtn.jpg,3
monxnlqwpg.jpg,1
ticcnbkuaq.jpg,2
civpaofnqg.jpg,3
erbipnzjys.jpg,0
wbqcotvcyw.jpg,2
npasjsgdgd.jpg,2
kezteygkjy.jpg,0
pfdnrjguqi.jpg,5
eikarsycuh.jpg,2
fbsvmruxhu.jpg,0
quailumlao.jpg,5
aubzrimzup.jpg,2
mdwlpnfyyw.jpg,2
pzqojoylpo.jpg,2
tljrzkhprw.jpg,5
xqxpbqchsc.jpg,3
deomznwkzu.jpg,2
iuhrwmwivd.jpg,4
lrcrdxflyb.jpg,2
vgvwslqrfl.jpg,2
dtqcywkkby.jpg,2
siucducgun.jpg,1
msedvnpgil.jpg,3
bbkdhokymc.jpg,3
osybzziyjc.jpg,1
lyznqjhieq.jpg,1
nfmkbysget.jpg,2
aodbrearkv.jpg,0
ijumjewqri.jpg,4
omntegbtuw.jpg,3
vfzbbkcawy.jpg,0
isengbejqf.jpg,2
jcqgoyjulq.jpg,2
cvgkktmmgf.jpg,2
svwqhrofkd.jpg,5
xhgubthtvr.jpg,2
xrrtzzmizv.jpg,5
almstxnoau.jpg,5
eqswkdljru.jpg,5
rhcpdenjri.jpg,4
uunwmkgfzg.jpg,2
zejgxgnwvt.jpg,2
bbmcjcpevi.jpg,5
ekznbhtqod.jpg,3
lontokaprg.jpg,4
sqesbcdvgw.jpg,2
cyquitipfv.jpg,0
hoenaejdco.jpg,2
umlcbwhgvn.jpg,3
uwphmgzpgh.jpg,4
nusmhizlbl.jpg,0
snnykrwmbn.jpg,2
ipeaiorwpb.jpg,0
zynlequqln.jpg,5
xdhdisozta.jpg,3
suijnuzohw.jpg,2
gtglnwlpjs.jpg,1
llcbbzfbbe.jpg,2
xblubzfjrr.jpg,2
ngbptivbur.jpg,5
ydbpjapffo.jpg,5
ikuhamhnvi.jpg,2
rqlhmimpll.jpg,3
hfwigtrhtx.jpg,2
vwgxsogwiq.jpg,2
spllzkwsxh.jpg,2
tzdrlyzttt.jpg,2
ksajnrtiwa.jpg,2
tzcwrdpxxb.jpg,5
vhcuakvvip.jpg,5
xreendtinm.jpg,5
nuxdilspwn.jpg,5
dtqbevaftr.jpg,1
rdvwrluttu.jpg,5
wxfmpbbslj.jpg,4
bricjxntbp.jpg,5
codaajktti.jpg,5
pqvoogbcbj.jpg,2
zosaxkwwab.jpg,5
ovtzfrbdgz.jpg,1
bjalyvkzkv.jpg,4
imjfgmycha.jpg,5
mjftxwhkwk.jpg,2
gjagauajyd.jpg,4
xwoefeswoi.jpg,3
gthsqyzfew.jpg,3
vlfbgecfvw.jpg,2
morspwllmq.jpg,4
edlfigrufw.jpg,4
ajzlfzywdl.jpg,2
jfkpzlfymn.jpg,2
yphknelsua.jpg,4
geqqiohisy.jpg,4
wvdtffxpei.jpg,3
apivgxhkyb.jpg,0
wpypdnnuog.jpg,5
efefaamxrp.jpg,5
atfmcgmxbe.jpg,3
mjyffsqdni.jpg,3
zqycmmxtqm.jpg,0
tfgwnakwqb.jpg,1
rhcwtshmps.jpg,1
ollhjcrfgw.jpg,2
nmbukszlta.jpg,2
jbcgrychlq.jpg,1
qarttxgjbv.jpg,3
mlyteixtdk.jpg,3
tztuzwgxvo.jpg,1
ijyrtunwno.jpg,0
xvvqmsnmtj.jpg,4
fujgxillzl.jpg,3
hxcthofuqs.jpg,2
diywcnusdr.jpg,2
cixiyndcge.jpg,5
gspjeqqgpt.jpg,5
sngbovrnrz.jpg,0
hhlxlelhvv.jpg,3
oiyhvdobgv.jpg,3
miqjoquhno.jpg,2
zguzpqxzhh.jpg,3
hlffuyfwez.jpg,3
lzvljbnnqa.jpg,2
enzqmwqhlf.jpg,5
iuaphibhjd.jpg,3
mqxbxgkcjg.jpg,2
ugsinzgory.jpg,2
rbfklamkwg.jpg,3
ufeagfhsga.jpg,0
vmvtetpxjf.jpg,0
iuiqjtpxiz.jpg,5
bsxpcwvskg.jpg,5
zgqpzwnlwb.jpg,3
fahieudjyj.jpg,2
ifrjyosuqz.jpg,5
otakhbrpvp.jpg,5
nyhlfpvgwn.jpg,0
fcdxwzplom.jpg,5
emdvkiykwt.jpg,3
ipolokykzw.jpg,2
ikxcchvdes.jpg,2
tcveocjqdp.jpg,2
amcfbqiqbn.jpg,3
pomdudxhat.jpg,0
fuwsmnlljr.jpg,5
zhtxrpipvm.jpg,5
urpdwuuytz.jpg,5
bnubouuzla.jpg,2
vzcpnkxirl.jpg,5
nratzcajlo.jpg,3
jjhioaztsx.jpg,4
ksjyhluuxu.jpg,5
snazlnyvos.jpg,3
vmpjuwejag.jpg,4
jlqoodmzjk.jpg,4
zfohgplqxq.jpg,4
vgwtoeymbl.jpg,2
nvpcjomqzs.jpg,3
tobhiwtsqc.jpg,2
fmnqjnlcyi.jpg,5
isjbbutgmw.jpg,1
haghboohzs.jpg,5
idfpdkbhbd.jpg,2
vwlthbfhif.jpg,0
zeidjkizmx.jpg,2
zcdampvuly.jpg,3
ootmuwdmme.jpg,3
fqyclealzf.jpg,2
qxvbknsthr.jpg,2
iqurhlfxeb.jpg,2
tyjmvpdiex.jpg,2
oujhgepygt.jpg,0
archmtdkeq.jpg,2
uymswcrjhg.jpg,2
iahlqqadmq.jpg,2
lrkxarjvgk.jpg,5
xyimbmpfgk.jpg,3
ioasyrhtlt.jpg,0
glhpgrnrri.jpg,0
zdzkweqyka.jpg,5
yplwpoqifo.jpg,0
cdhirijwok.jpg,2
uskoavgrix.jpg,1
fgchzkjmrm.jpg,5
qtdrormxen.jpg,5
nndhqtcpyv.jpg,3
oihifummcp.jpg,2
zxbxvuxlmu.jpg,5
ooorhhfpjg.jpg,5
sydgxcmokj.jpg,2
cwfkvxitla.jpg,3
bfcwfbqgvp.jpg,0
hhntuaalfu.jpg,2
gdxrnxeyen.jpg,5
hhplcuawbz.jpg,0
jljvzhocws.jpg,2
mohhgqlwvg.jpg,2
owtgueoaze.jpg,2
trimuhxofo.jpg,2
fasduibtfx.jpg,4
puszurgiyt.jpg,5
knrgfskxpr.jpg,5
hudajkodhx.jpg,5
zycbjlblhp.jpg,0
cijncuwaci.jpg,2
ridotrgxlk.jpg,3
rdynyiwubx.jpg,1
wiqeacqvgf.jpg,5
vrjvexvbni.jpg,2
ierwfevfla.jpg,3
crwqyhkmww.jpg,2
ctebhrpjiv.jpg,3
dmezeuoznd.jpg,2
fdedqqvcre.jpg,2
vnnprecabu.jpg,3
sueqsyzsjq.jpg,4
kfsexnbldk.jpg,3
equhqlyvky.jpg,0
wiaveobxlo.jpg,0
wyykpcfcrk.jpg,2
qrxbcbzjgh.jpg,5
anadznwrhu.jpg,4
dyijkjhmid.jpg,5
eqevthnndi.jpg,3
mpuvvsqzie.jpg,3
ppibvaodsy.jpg,5
ftiqzumsls.jpg,0
gmgaonsyyk.jpg,3
rpdvzjatxe.jpg,3
vduokqllra.jpg,2
xtxhijhxvl.jpg,2
oybjkvodzc.jpg,3
xnwhovrddv.jpg,3
tejdrihdve.jpg,3
vhdrqaqgfw.jpg,2
omhrcwlexy.jpg,5
emqcfqjbeu.jpg,0
pfwncfzynn.jpg,2
uxjthcalrv.jpg,3
xktlrznrbu.jpg,5
zzwoxsnxhr.jpg,2
mdctwjiyku.jpg,2
qigabqyglp.jpg,4
acnolrrouq.jpg,3
vepxcycadg.jpg,5
nbkeskbhwk.jpg,3
umzgzpgooc.jpg,5
miyfjjfdfq.jpg,3
eqbxraisvm.jpg,3
xmcyjtozis.jpg,2
vpojopudim.jpg,5
xkjpxadmut.jpg,5
fbfeswtrtg.jpg,5
pjyutfcyil.jpg,5
fdxjcihqth.jpg,3
ducfycdaih.jpg,2
lgwzgdnnwl.jpg,1
pjoqaewpuu.jpg,5
uhxowtqkfk.jpg,4
vhddqjjqca.jpg,5
jjhbfcwmod.jpg,0
blgkgxmcju.jpg,4
iscqcrqrdc.jpg,2
gfnlmiboia.jpg,4
tcjzszuaqz.jpg,4
frrzyktdgc.jpg,2
wldcrwbgjn.jpg,3
zmgdjxjmyo.jpg,5
vgjbfmjefq.jpg,4
pjynleoppd.jpg,2
zjycuxxyjv.jpg,0
kijzzneawp.jpg,1
zycysvgpzp.jpg,5
mjbdsylkge.jpg,0
wikktkyovk.jpg,2
czhqzwtwni.jpg,2
bjqwhocfxo.jpg,2
vszenxsztu.jpg,2
roumzdpflk.jpg,4
smbwbijddt.jpg,2
ohkljntxnp.jpg,5
eexduahcyc.jpg,2
hvcoyyiawj.jpg,1
tcnzlvdkip.jpg,2
qqmcmrxwwc.jpg,2
pfxfkhqczm.jpg,0
kopmxayexn.jpg,0
iynjstoyis.jpg,4
pqhnjtjfos.jpg,1
qfxsnqcbzl.jpg,4
xctvrjbyny.jpg,2
okztzszpty.jpg,5
nilnyruqzf.jpg,2
zxxqlmykai.jpg,4
rgdabxgzwc.jpg,0
clvakvosuj.jpg,3
ybilobeujy.jpg,2
zdkgicddiz.jpg,2
bwnurnyjkq.jpg,2
uvgffbsaoj.jpg,0
xhwyqvmfxa.jpg,1
qhoyapcfae.jpg,2
pzdpkhxbcp.jpg,0
gctldtimbb.jpg,2
synyrkampj.jpg,0
deujgelkxf.jpg,3
edfnktcxyq.jpg,2
uxdsrnemjw.jpg,5
ptkbhmdlwn.jpg,4
dwuxjehtle.jpg,3
nhfceqilja.jpg,3
jxorqbcgmj.jpg,5
njqxpjxcgq.jpg,3
jvyoyuhdvy.jpg,2
afuvjukrpm.jpg,3
lrxktbqfhc.jpg,4
nupdhqfauw.jpg,5
fgrrtkjxat.jpg,3
uwqcnbipqc.jpg,5
egzqelbifu.jpg,4
ouplgtxizw.jpg,0
vrrrckiuvn.jpg,3
ruxwpwefrq.jpg,5
bsdwqxyqxs.jpg,1
jcikcfjpbo.jpg,2
qghcpazvfu.jpg,0
mskkzwusma.jpg,1
fmukqvwkmq.jpg,3
vexhvqoqzd.jpg,3
xlweknbump.jpg,3
heugzyucqr.jpg,2
nlcosltgrn.jpg,2
cyrxvepbpw.jpg,2
zpwlkbztcd.jpg,3
xelqxzlsrg.jpg,5
sbvlqhqlhe.jpg,5
zjuarzjmgj.jpg,2
rnmilhfakp.jpg,2
vudnjletkc.jpg,0
rgnacntkel.jpg,3
njqdbfrqgx.jpg,4
tsbthdopph.jpg,2
lvxadeenzv.jpg,5
nyznmgzday.jpg,5
mvdlffwrbz.jpg,1
xudicawwex.jpg,2
fthoxenslk.jpg,0
epxrwtvmzi.jpg,3
arcjimbgrj.jpg,2
rkrumriakj.jpg,0
ctsozemvss.jpg,3
nhufvtfiko.jpg,2
nffjzivqkv.jpg,4
xwjjwakwkn.jpg,4
egqanmuxmq.jpg,3
ezddjmtkrd.jpg,5
opoujprstj.jpg,5
gtnkkuuwhl.jpg,0
snqomtlwhn.jpg,5
pilutkperd.jpg,3
jfwzvpbfhc.jpg,3
tmzragflrs.jpg,2
zuijpxittp.jpg,2
kgwozalppu.jpg,0
rtpweqrtek.jpg,3
ctnojfyyhm.jpg,0
gtajkvbuog.jpg,0
utsnnqazel.jpg,2
mmseztjjmk.jpg,2
blkmvfomrb.jpg,5
fhfepvjaxh.jpg,0
engxlsfsxj.jpg,4
devqqiditl.jpg,2
usrecnxeue.jpg,5
hurvlcyorn.jpg,2
irhydqodzh.jpg,0
ucyqanpbmm.jpg,3
mklcipxqki.jpg,3
njwgargbve.jpg,2
jiedimljno.jpg,5
iantkwgysa.jpg,5
xixbvgkksg.jpg,5
konwaxexmu.jpg,5
twrygnhcan.jpg,3
wfqcqygruf.jpg,2
mxummcpoue.jpg,5
afeniqzxhg.jpg,3
ifpvfbmgdj.jpg,3
suuhalywbg.jpg,2
ldhjykppll.jpg,3
kbnluhppnz.jpg,5
ocvvnyrdac.jpg,5
hhiugobypy.jpg,5
kwcklcjiuk.jpg,3
afmpgphvch.jpg,1
nnjuootdci.jpg,4
unkyzrbxtd.jpg,3
rzqgsfstgx.jpg,5
ayckierzgn.jpg,5
iztarpmslb.jpg,0
yluckdyims.jpg,5
ifrwnmzbye.jpg,0
lkdubkpvwn.jpg,2
pufiiohucp.jpg,3
mhhhkvymjx.jpg,4
lcqdhymfyk.jpg,5
ttjrafjibz.jpg,1
xnfsycitsr.jpg,3
jbxkruhozp.jpg,1
dxajtjawey.jpg,3
kwsipghkdo.jpg,3
pefsljjzoj.jpg,5
eqvtxbdwxf.jpg,1
zxjawgdyxz.jpg,2
vvumdvtwyu.jpg,2
bxxooqsmrb.jpg,1
oqyvhvkdrw.jpg,5
nvkslmqxoo.jpg,0
ugmejiyyhf.jpg,2
adcylffiob.jpg,4
cupykpvkhr.jpg,3
zxheqmimsz.jpg,2
wtiuaddkjg.jpg,1
fiioqzmjej.jpg,4
yihxkcxmzh.jpg,5
cwahscyvvj.jpg,5
ssjyhabizl.jpg,3
lchepfmgbh.jpg,2
utccuavpau.jpg,3
micjfjkccb.jpg,2
rxtagejffa.jpg,2
xximuaspfb.jpg,2
cypabwmzgc.jpg,0
hbkkpjsexl.jpg,5
ktwahoppmw.jpg,0
jdqfhwlcrd.jpg,5
wndmtxnwbo.jpg,5
quvtuzsomt.jpg,2
talbfkjkij.jpg,3
lomcslsgke.jpg,5
iktaciroho.jpg,5
mtrgzrpgpx.jpg,2
nlepyohles.jpg,3
pfrzshraou.jpg,2
ddsfpaoujh.jpg,0
kcjshhocpi.jpg,4
qjotvhkmsp.jpg,4
jgamtwxiux.jpg,2
dvnmuymjkj.jpg,2
tkguqixwqc.jpg,4
rigzycklsr.jpg,2
mhdimxzcjg.jpg,2
ojvjmqrdnw.jpg,5
fejcughhpc.jpg,4
cdougkeefb.jpg,4
yvnnauzpyi.jpg,0
tyistaedjf.jpg,2
tzsgoifeck.jpg,4
gvwhvsopie.jpg,5
lcrizeglid.jpg,5
bzecaphcsr.jpg,0
jtnidsayvk.jpg,2
aiefjeialo.jpg,2
fdnulvlcxu.jpg,2
gwtqlttjhq.jpg,0
kemfmlgdjb.jpg,3
bhkvocwzus.jpg,2
gtsbxedheu.jpg,3
nibwidehdd.jpg,2
ckuodnotxn.jpg,2
kqwhfgpkwh.jpg,2
qnwjpvcciq.jpg,4
dlywlalpeq.jpg,0
niauwrnzqw.jpg,3
hoiymwkkej.jpg,0
quzfvyricc.jpg,3
timmxnytmu.jpg,5
nlnuplspit.jpg,2
yuvxajijel.jpg,5
hamyqnxsoj.jpg,2
dthdikixjf.jpg,5
ilkzgtcjue.jpg,1
elkakvxthx.jpg,3
mgwsoewqlf.jpg,5
pxjajpdubu.jpg,5
vbyfxbcmoh.jpg,2
ndicdixdqm.jpg,1
khjtmbqesq.jpg,3
xaoeemzfcl.jpg,3
oujgawiywd.jpg,3
astcfssybu.jpg,2
sylddkwwsw.jpg,5
ilakqgsofw.jpg,2
mzxvchnbkw.jpg,5
klqidjprid.jpg,3
mpickqgehm.jpg,3
yxdpbdmpha.jpg,1
xvdhccadus.jpg,5
orjoiausqg.jpg,5
eldhrcgmjg.jpg,5
zsxzdanemm.jpg,5
gybslkomvg.jpg,2
ogcytgbkoj.jpg,2
wxqpkifyoy.jpg,2
hiptnzmpbs.jpg,0
tmlhpgcecf.jpg,2
bemywzgnrk.jpg,2
modcvdwhre.jpg,5
ewityhrlnt.jpg,2
vnmnursgcp.jpg,4
lhalfkefrd.jpg,2
hujbiwfxpl.jpg,2
gtwtekcqas.jpg,5
rfdugltyiy.jpg,5
etfsdguqig.jpg,2
yiusebftoc.jpg,1
jfjsobltry.jpg,0
mlfnztyztx.jpg,5
clmtbaxaga.jpg,3
yvjyhwgnna.jpg,0
pyoycgyeox.jpg,4
iqhhxfrpxn.jpg,3
evfcrtinpt.jpg,2
vjfxbxckjk.jpg,2
dyworhdrgh.jpg,3
tlzyvkavsa.jpg,1
yihrjcdulp.jpg,3
tnzmuezhya.jpg,5
eprfvoemvp.jpg,2
lfmztfnqlr.jpg,2
irzsooujzl.jpg,5
upwfvtmgug.jpg,4
acnykfrano.jpg,2
lniuwptxvt.jpg,2
wtwhfankuz.jpg,2
nbcykyryar.jpg,2
velgtekjfl.jpg,3
ijwfyhfoqr.jpg,0
iycqyawtnd.jpg,2
ijcpqlrxbx.jpg,2
lnabzikkrm.jpg,1
zdlxfrnqgz.jpg,5
nfznvlqejc.jpg,3
obtyfgtqil.jpg,5
bijbmyhwcc.jpg,3
qmkxuxjuzi.jpg,2
syperxlgvl.jpg,1
ztaqswklga.jpg,5
posrajtpso.jpg,3
cnrvgcnado.jpg,2
bablwtgqlt.jpg,2
hffrljtgvj.jpg,5
nfceizpweb.jpg,2
wobzkwygmp.jpg,5
mzxvsnural.jpg,2
oxpbydjpyv.jpg,3
pwyoflpwer.jpg,2
tibwjwvohs.jpg,0
hyogoyouru.jpg,1
tgwfirialy.jpg,1
lvfklbxvvx.jpg,2
uzkiysvouc.jpg,5
apctinnjdd.jpg,2
szvgyahtko.jpg,0
faqnaaciux.jpg,2
cyxvyehgxq.jpg,2
fobdpqcgmq.jpg,2
puyrjmqbum.jpg,5
mcfkwgkwxb.jpg,3
agsazeoqec.jpg,2
bnelmrjjle.jpg,2
qxiqamtxjq.jpg,4
izgvmhwlra.jpg,3
sytltpbofd.jpg,1
lbqkibaazo.jpg,0
logxpbbtod.jpg,5
zjubldzsud.jpg,5
yhngdqfwbz.jpg,5
alpzyffvyq.jpg,0
itjxbmsnoa.jpg,3
ltvxsooqli.jpg,2
xwyelnhgvg.jpg,3
fyaxcnxgsb.jpg,2
zzfopzupuw.jpg,4
mqibxlfbqv.jpg,2
lbwfciamah.jpg,2
xigxzsbsxp.jpg,3
hwulpkeybv.jpg,1
jbiboocjad.jpg,3
rnulkwvdwp.jpg,5
qvuadnmxgc.jpg,5
azldftjigt.jpg,5
abftjcqpgk.jpg,0
hmzzfrgvwf.jpg,2
wuyynarjkw.jpg,2
yptefzdeps.jpg,2
eeygvvrwoy.jpg,0
vauwkmffzt.jpg,5
gzieounvld.jpg,3
acobnnectw.jpg,2
oovedbklnh.jpg,1
vvenqsmxex.jpg,4
mknthqwpfb.jpg,5
svbuiyaiof.jpg,2
pwtgztaedn.jpg,4
sijmzburop.jpg,5
lgbhntffxd.jpg,1
ztmhsgmtgm.jpg,0
czdykcpude.jpg,2
rlithrpkec.jpg,3
ewfwceztlm.jpg,2
vixurhrhub.jpg,2
ojhtwbxozg.jpg,3
fgybjodrac.jpg,2
ufzxnkbbzf.jpg,5
wasbtwbjnj.jpg,1
whozivcxqh.jpg,3
hninkwtiyy.jpg,5
bserumooui.jpg,0
mrjphtzaul.jpg,2
phqridkalt.jpg,3
bpgpwjfmob.jpg,5
ordhotsasc.jpg,2
ktcxitayys.jpg,3
enhinoxpsb.jpg,5
yyhtrdosea.jpg,4
sswgzwvtns.jpg,2
rssnoaacek.jpg,0
iuxszfncmh.jpg,5
vqmclvhyxs.jpg,2
zfgaqlgibb.jpg,2
ilqojnlkdt.jpg,2
fflwsyfmsn.jpg,3
ldhfadtigr.jpg,3
jwloafflfg.jpg,5
pfecpngkzy.jpg,1
migehhvhlg.jpg,2
gqaebvsxcm.jpg,4
xbbwdradrq.jpg,0
gxnvosuqul.jpg,4
swqktnlnqw.jpg,5
keimjmvsov.jpg,2
jfiovtpjhr.jpg,5
cqdcitprob.jpg,1
dyehkpugeo.jpg,5
xpwnxckbdy.jpg,2
amhezvojsp.jpg,1
wrfcchiznx.jpg,2
hjrrugujfd.jpg,5
fhclcpefsi.jpg,2
lvonanjhmi.jpg,0
lilonhqqgd.jpg,0
gikllpzqjv.jpg,3
blxnqrcrus.jpg,2
xnmknixnhi.jpg,2
mzycnfqnht.jpg,2
utyhmgclkv.jpg,0
xvnyacgaaf.jpg,3
xyhrncnehf.jpg,2
mdmzsnqolk.jpg,1
iunzttuyxh.jpg,2
dpjlzoicld.jpg,1
aqyvdopqjb.jpg,0
perbatzphz.jpg,2
vsifskakhd.jpg,5
uipliuvwqd.jpg,3
ezdxflwtqx.jpg,0
gltxrxszne.jpg,5
suqgpsslnz.jpg,3
cvemnufjyc.jpg,4
nveazoifkq.jpg,2
hjwlnaukxk.jpg,2
kjvvdooyzn.jpg,3
lxuxctitod.jpg,3
uzzfkphdfa.jpg,0
lpzjrpocmt.jpg,5
kiiqccquxg.jpg,5
jucyglkski.jpg,3
cgabdrnohd.jpg,3
xgnkwsbjdn.jpg,0
iaueagbcyg.jpg,3
sbceidghep.jpg,4
jcrttphhjj.jpg,3
egsrsqnzrs.jpg,0
muavfrzxml.jpg,5
dqinnixwsk.jpg,2
xmquidhkfu.jpg,3
jajetnkauv.jpg,0
iyccdoyfag.jpg,5
uhrxmtcwco.jpg,4
thqczcnpmn.jpg,3
rszhhcrhrv.jpg,5
coixaipuua.jpg,4
fmgadamxoa.jpg,3
rshiafibod.jpg,5
khkicthbtg.jpg,0
qtuelueiqu.jpg,0
uycyszgvqv.jpg,2
yndgaawkwu.jpg,3
hsolmhfbkw.jpg,2
hguoznjisd.jpg,4
pwndxfivrr.jpg,3
szyoofdpkv.jpg,0
dksakzwvpr.jpg,5
fmbhhvfzzv.jpg,3
edjxfitlxc.jpg,2
xwjzqqfagx.jpg,4
mouwisyusd.jpg,5
kbovbhugdn.jpg,2
hcxqpwxewe.jpg,1
hetbbqyogr.jpg,5
eyfqezbwps.jpg,0
chelqvbqfi.jpg,2
jjqtsxmpuk.jpg,3
cqralmnder.jpg,4
nmgrtohabh.jpg,2
lxzreuaerm.jpg,5
ewcvyflchu.jpg,2
iawdgmrasf.jpg,2
yotfdhnpfn.jpg,4
mlrayvuxii.jpg,4
emsedeqwoi.jpg,5
gsbxfzlznf.jpg,2
gmieakukgb.jpg,2
ohtnqbrcnj.jpg,3
ggcacemciu.jpg,0
cgdffnnxhz.jpg,4
ttwavxmjxv.jpg,5
qsmjxvzryu.jpg,5
ssxyygnnkk.jpg,5
wuughyreee.jpg,3
gdckqdaruv.jpg,5
kmxixkymtk.jpg,5
ejwihjjkfu.jpg,3
nrkeglcibj.jpg,2
ygitrwpgjw.jpg,2
gyapmsfhup.jpg,4
btpfefymuz.jpg,3
tfpphmpish.jpg,0
cweetioqow.jpg,5
zbxmmmgysg.jpg,3
sqzwbvkqaq.jpg,5
aygqcqbcxr.jpg,1
tcbmpygcdb.jpg,5
dnwtidijzr.jpg,2
cxrtysmgoe.jpg,5
kgaehdgelo.jpg,0
gmgvabcsau.jpg,3
pguooxbasb.jpg,3
zykmnucadz.jpg,2
mdeblamdkr.jpg,2
rzsfotqkkc.jpg,3
fykqvqoveg.jpg,5
vfcmbpggjc.jpg,2
ynzmgizsaz.jpg,5
fnumpqmlvg.jpg,2
mxinvqszsh.jpg,4
bmtstktmjc.jpg,3
wdxiiuzbxq.jpg,3
omgaksghrw.jpg,4
cjrxdfkkjk.jpg,2
zkttltumtc.jpg,3
jsypadwexz.jpg,3
ykdpxlgqem.jpg,5
almuenlpbu.jpg,3
hwnrmyydjp.jpg,2
tuqduoqydv.jpg,3
rthtfdwmak.jpg,3
kryswqncth.jpg,2
tksfrywrtf.jpg,3
ckbxnjpczi.jpg,0
seoaxggsnx.jpg,0
driwqydktj.jpg,2
onidsdlucx.jpg,4
rrhsfjzscf.jpg,3
arxkhvaglp.jpg,5
gdsjurxqhl.jpg,5
kcjrpnhoju.jpg,5
wphybqmvcz.jpg,2
bjswqrlddu.jpg,1
trskirgivf.jpg,3
zjkclehidr.jpg,5
ukvehmxugi.jpg,0
fmydsrxogz.jpg,5
xtaocdoquo.jpg,2
bytquxdfct.jpg,0
rqwpodvxgd.jpg,5
vjwtpplvvh.jpg,2
jzzmmcwfov.jpg,3
jytendvsqf.jpg,2
wfvbbkfxlp.jpg,2
uonfvdnuti.jpg,5
ymifzfiift.jpg,0
iqcscqigyj.jpg,4
mopelxxbmw.jpg,3
maqccerrnn.jpg,2
vbbwmqtxea.jpg,0
itcwexzxlg.jpg,2
jsdymidhsk.jpg,3
aocysymvon.jpg,5
njkotdaoyd.jpg,0
hnfdysrbyb.jpg,5
tqahbganzw.jpg,0
ulnnhqlcnz.jpg,4
crggjfdgos.jpg,5
usahlrnygb.jpg,0
sohqcbxcjc.jpg,2
fgrpmsxtts.jpg,2
ifdwxtrqzk.jpg,0
nepxrjfygm.jpg,3
eqapewmleo.jpg,1
vsjqctavav.jpg,2
rkqmfymbzg.jpg,1
pnecblosqx.jpg,3
fzdjtwddva.jpg,3
eqjbrubxwc.jpg,4
pdjtcyyvmp.jpg,4
yqyqzmzzsg.jpg,5
xbhupnuqgl.jpg,3
edfqxqlpyg.jpg,2
prkxzztmkj.jpg,2
vttcrgsmra.jpg,0
klcynewghm.jpg,2
zurwvfiucp.jpg,2
qujnzqwfvo.jpg,2
vtmznmqhvx.jpg,5
mfzhcqcemj.jpg,5
pkokjffgof.jpg,4
vpyoszpnxl.jpg,5
yezjchpzia.jpg,2
jcsnnjggkd.jpg,3
ywavvplqxa.jpg,2
ymrribwkyv.jpg,2
labidxqbxj.jpg,1
auvvuazooh.jpg,0
fohjnpzgen.jpg,2
toqzltktmg.jpg,2
cmypkzzyoa.jpg,3
gpoxplherg.jpg,3
ivnwlrhnos.jpg,5
fqkdknrvem.jpg,1
enplyfhojn.jpg,0
ialvrwdexq.jpg,0
qpxtgivmli.jpg,2
hsqmggegkj.jpg,4
amvowaatpi.jpg,4
wjrimpmhdx.jpg,2
bwwklqliga.jpg,2
azxhtejczb.jpg,2
tzucwhjnuf.jpg,2
aqylatccoj.jpg,2
qmiqdzymng.jpg,0
mkqhnbsinp.jpg,3
mywlgamopl.jpg,5
qobnfjhodb.jpg,5
nnthkqjzlx.jpg,0
vxhtpalzbl.jpg,2
fbtlscttyx.jpg,5
lenwfeexmj.jpg,2
vskuzqecol.jpg,1
tfkyutjkhm.jpg,5
gfowcbdzge.jpg,3
hmgqbcvyxx.jpg,5
rkblzxwoom.jpg,4
otixadylqp.jpg,1
fkozujhzsn.jpg,0
hjyfaqusjy.jpg,0
mgevomuqsx.jpg,2
swoccbxcmr.jpg,0
prsgudybhc.jpg,1
olscslkadk.jpg,2
wvwybzjcnr.jpg,4
ibekmeaetd.jpg,1
zdvdmrbguu.jpg,3
ddqwerqkmh.jpg,5
tlzcmmrmpm.jpg,0
blzqvponwy.jpg,3
xjojcgnlfc.jpg,2
myckrxtmpl.jpg,3
sbsiltwfkf.jpg,5
xxrnsnkzja.jpg,5
gmcrxgdhzw.jpg,2
ckospecrvb.jpg,2
doouzbvvga.jpg,3
kbvprgmclh.jpg,3
iqoiczsnjd.jpg,0
zqdplvaopq.jpg,2
qlmmeypgce.jpg,5
yrxvoovlly.jpg,5
fduizxpjlt.jpg,1
acnsfcghqf.jpg,2
sjmfaxwzwy.jpg,5
bydadalxnm.jpg,2
vacxexizhn.jpg,0
rtshmcnilb.jpg,3
fzlfigziso.jpg,3
ktvgwmjmjy.jpg,5
qttomvmoac.jpg,2
wkzrldazoh.jpg,2
uojogzbohl.jpg,3
alwdhbtfvw.jpg,3
gvaskajfau.jpg,5
aechujuwto.jpg,5
mrfydjshcd.jpg,4
zbtjhhavla.jpg,0
ubobjeutck.jpg,0
qcbrurkutp.jpg,2
bxzrckohjl.jpg,5
xrdzrboshp.jpg,2
iufyekimpg.jpg,2
fizvsaycrw.jpg,0
mkasuskfkq.jpg,3
yatoilzqfe.jpg,2
auykrwefmp.jpg,3
lavfnkvlkv.jpg,3
ssusxfxmjz.jpg,0
olkfocheae.jpg,2
xlagqvpewf.jpg,5
pgdvbtbntn.jpg,2
pilaqhkgqs.jpg,3
jcyhefsoxn.jpg,4
rxockoreli.jpg,2
uquxiigjoo.jpg,2
pvssvlzoge.jpg,2
mvxborfozv.jpg,4
lahoygaieg.jpg,1
wbufenqkmr.jpg,1
zhzcpyudhs.jpg,2
yfojkbqycd.jpg,3
vumvqioriw.jpg,1
tkrenwzovq.jpg,5
hvtfhacsms.jpg,2
ypnhbsamrq.jpg,2
vuyeweeozd.jpg,3
bizkbsucry.jpg,5
igdhzygnqk.jpg,2
eeghcdspdv.jpg,3
cepxlcmlkp.jpg,3
ecgyujabog.jpg,0
leiczauziw.jpg,3
cdmkrcxeol.jpg,1
ywijnlhrkt.jpg,3
afwsufebyi.jpg,4
ysudvaounc.jpg,2
lyujelyvqq.jpg,0
svwgmurnmf.jpg,3
puegxgcfar.jpg,5
dvkmwqszus.jpg,4
uryhfzagrv.jpg,0
pzwyfnwjxp.jpg,3
dllpgchwfj.jpg,0
bgzxisjfxd.jpg,5
qtxaiihpep.jpg,5
xgkwwypofz.jpg,4
hgaiyzshmh.jpg,2
ynejrwikec.jpg,3
mauvzxkkpg.jpg,2
qcvdqvorhn.jpg,3
nxmfjojxlf.jpg,4
gncuxyhxld.jpg,5
newvjrwvph.jpg,3
cjvqammove.jpg,0
higggyidoi.jpg,5
swaqjbkgrw.jpg,2
nztkkoxwbd.jpg,3
yrbghoxtjy.jpg,1
qstixqgftc.jpg,1
lssscsracd.jpg,2
qxljqiymwk.jpg,5
glhuzalbxv.jpg,5
aydnxsslry.jpg,0
wnormpfimz.jpg,5
vnjvbipilr.jpg,2
nsbnzpaogq.jpg,2
opuymycdst.jpg,4
ohkoebkqdi.jpg,2
azlzsgutus.jpg,1
esqhwkhrzl.jpg,3
csstvhztcl.jpg,5
hmwiisigtk.jpg,3
srxtwuilse.jpg,2
mwioauzyae.jpg,3
vgqycfshvo.jpg,3
eesxlcahfz.jpg,0
pyznlvyaqm.jpg,5
smjzzedxva.jpg,2
mqxjzybkrs.jpg,4
wncpnpoftw.jpg,0
iwemsflrar.jpg,1
kbavhhdcsj.jpg,0
hfqlczackv.jpg,4
fjehzlzzws.jpg,2
brttucqvnt.jpg,3
qvzhmtcjyp.jpg,5
tcentbljzu.jpg,2
qtmqwptbhk.jpg,5
rswzncuklb.jpg,3
yaxfwiaqvw.jpg,5
quprzoagnd.jpg,3
mnoqurqeyp.jpg,5
rrvijkyofm.jpg,0
wwsereaxop.jpg,4
twxtofqccd.jpg,4
golfzembrq.jpg,5
giieexpdvr.jpg,3
ifqbnrmtal.jpg,1
qvgtccxshp.jpg,3
tqidhgsxzo.jpg,2
lfvsaooetf.jpg,1
flwrjqkztp.jpg,0
myufhrgouj.jpg,2
ychnsbzyxr.jpg,3
clijrkvpcw.jpg,3
ombspldhez.jpg,2
gnbujbjyfi.jpg,4
ubuglmubvu.jpg,5
esggthccav.jpg,2
wljjwygexv.jpg,2
pkwqywiqhj.jpg,5
gnftnafkam.jpg,3
lmebuxwitd.jpg,1
fovnmerada.jpg,0
rgamfftzla.jpg,3
jevhjytndg.jpg,0
jgrtllrnew.jpg,2
ozmqslyuvu.jpg,5
llajzbopdc.jpg,5
lpbbonvftu.jpg,5
ultjfkkoik.jpg,5
iiabprppge.jpg,2
xojlghafir.jpg,2
nyvkzfitiw.jpg,3
ijrwwlkilo.jpg,2
thfmcdufwt.jpg,0
jcwxmjptdu.jpg,3
geombuxnkz.jpg,1
kgjultzbqw.jpg,3
quzvopoqvq.jpg,3
apeyidaplh.jpg,4
uayzpmmllk.jpg,5
mxnuguklyb.jpg,2
uerdbnvuny.jpg,0
bsdobogiry.jpg,5
rgyyknaqhl.jpg,0
pyvywkjtvg.jpg,3
zrhdeibukm.jpg,1
dmjrnqalog.jpg,3
twgasagoln.jpg,4
tshyuftopt.jpg,3
odsjaugski.jpg,3
hsvrwdukti.jpg,5
lvdxqvduac.jpg,2
sbjlraccif.jpg,5
dxemcbhwtg.jpg,3
pbvnigmdkt.jpg,2
ptcnablixe.jpg,3
omhnleksjk.jpg,3
umdvstjssc.jpg,5
vhtnyoeebv.jpg,2
kvelaywssg.jpg,3
dglrnknvsj.jpg,5
iwncyizvrf.jpg,2
exjaniebgk.jpg,5
raspcgdlxv.jpg,3
xtxtxgbflk.jpg,3
uwmpgsvaum.jpg,1
tzfcgebokv.jpg,5
spyxfmmbuw.jpg,0
lfcuyjzjti.jpg,4
ipdrrojfvl.jpg,3
robgukptpb.jpg,4
mmipspufim.jpg,2
wvzpjrhaad.jpg,5
xwiqfruwpv.jpg,2
uzsqkpxhwq.jpg,0
towshrgizm.jpg,5
wfdnlxvsdv.jpg,5
knozbsnpft.jpg,5
hlykyjkllk.jpg,3
ycbmiuacxe.jpg,5
yldemryzmx.jpg,3
skyaeukskg.jpg,5
qwytsbwhsh.jpg,0
nhqopcqpuj.jpg,3
sqwgvmewlm.jpg,3
qqkrvrxqcp.jpg,3
rbfgiurxab.jpg,0
uibhjttqwi.jpg,5
ydpxhrrasd.jpg,3
hdsfrnbtny.jpg,4
wkcwqbykfs.jpg,2
hmeyacprhx.jpg,5
wclwpqlgcc.jpg,4
igpfcdqkdo.jpg,4
ulobrfmyjw.jpg,5
mfvgsmfmpi.jpg,2
dkaymjygsp.jpg,3
yzywqympzt.jpg,2
jocdwidevh.jpg,5
aorreiubir.jpg,4
khtmnaxusy.jpg,3
rphqcrrvkc.jpg,3
xfxoleiaun.jpg,4
rcpbkjqbrc.jpg,1
ngacbokqwp.jpg,0
veqvirlxib.jpg,4
pzvloqtplg.jpg,4
aeywefufos.jpg,5
zyrrdduwtv.jpg,2
qmjefzsxsb.jpg,5
rluutjvpbe.jpg,3
yjyzvvgpib.jpg,5
fvqvdtivia.jpg,5
rbcbcvxvdo.jpg,2
pnocpauwto.jpg,1
grebalefxq.jpg,0
apwrmvlvld.jpg,2
uvfyihaqjw.jpg,3
lugfzbryql.jpg,2
byujwhzgqb.jpg,2
tpvswsvwro.jpg,5
irslrmymax.jpg,2
nbizyfjklk.jpg,2
omfbavsioi.jpg,2
vvjvvlfhli.jpg,4
msobezikzi.jpg,4
edxwxybxpm.jpg,3
faockomxgc.jpg,4
swywqykvzj.jpg,0
wcxbhnrcph.jpg,3
veabbxymuo.jpg,5
cqpibrwfzp.jpg,2
krtwcqsdmw.jpg,2
rwbvgfapwx.jpg,5
nhnrzwuvys.jpg,1
gbcjvwufxr.jpg,2
ngcqxaalph.jpg,2
cfataxjeun.jpg,4
jvlaxabygd.jpg,2
cbmxnauzmp.jpg,2
usuhqunoqz.jpg,5
eygxubopta.jpg,2
kjqryxwstl.jpg,2
kdtkynqgef.jpg,4
tnberoyjik.jpg,4
udujrjloxf.jpg,2
lxotlqorwm.jpg,0
ahvjgtkrgb.jpg,0
cjnelbznus.jpg,5
askcdivtei.jpg,5
rkonltebfg.jpg,5
vdlebfgzoi.jpg,0
utfugdskkw.jpg,2
qnkjtatsnc.jpg,4
bvvafljaiq.jpg,4
iuwukvyyny.jpg,2
pnmmyakvta.jpg,5
phwoecwsjp.jpg,3
azxbqtwnqu.jpg,4
rzbnwsyazi.jpg,3
vnccdlidfv.jpg,2
pqgoatxxbb.jpg,2
hyeowipmhf.jpg,3
riiluzlnoc.jpg,5
wsockkpboj.jpg,5
rkuumvivxl.jpg,3
aejksvbwun.jpg,0
tsalyzoikk.jpg,3
ztguliezhg.jpg,5
ksdtmhlnvm.jpg,2
nydojyiqns.jpg,3
qspoqdzcjm.jpg,2
yanobaoejg.jpg,3
gzionazqih.jpg,1
pfdgxpkxwr.jpg,2
jzonspgegq.jpg,5
yqjqpopwtv.jpg,5
crvlhcsuwx.jpg,1
buzjtcmstj.jpg,0
gthsghlnll.jpg,2
vickgbqzjw.jpg,2
oevsnhgdjy.jpg,4
uxsjjedrwf.jpg,0
yccgtojawy.jpg,2
iwrdhwvgnf.jpg,3
foplzekdxz.jpg,4
iicutraqtn.jpg,2
cohnhqaxqr.jpg,4
etqijfdovv.jpg,4
tkabpdpqnv.jpg,3
wjezjwnzvj.jpg,0
zcjlfqwqrb.jpg,4
xavwzjekam.jpg,4
uxbinuiiec.jpg,1
aeqoanuxyr.jpg,5
trislvobwc.jpg,5
zuaebskxqw.jpg,2
wcvlrvhhij.jpg,3
mzbetohilo.jpg,3
klhgtblsmd.jpg,3
rnflixczqm.jpg,5
jzszonwmff.jpg,5
oribsnisrn.jpg,3
kzapynrybf.jpg,4
xxzktmwpao.jpg,5
djiqxllcwu.jpg,3
txdnafstlx.jpg,4
rypxhbzvou.jpg,2
bevripvomf.jpg,4
jthglqlxln.jpg,0
fntjciohpd.jpg,5
xywwmkgpvf.jpg,4
zmunqqujbj.jpg,3
vepotnqhie.jpg,0
mpyhgduqbo.jpg,2
czodnudhao.jpg,5
uqznsqqdbp.jpg,3
hfaiwqzrkd.jpg,3
vbrxuqwbtn.jpg,0
pvpfvxjiyf.jpg,5
rcpadrnhgp.jpg,0
atqaiaauhp.jpg,3
fcocngyzwv.jpg,3
lortxjcpgb.jpg,1
jfbgjcxlzs.jpg,2
bchcceogov.jpg,5
aspucbmjkp.jpg,2
khfleuzkta.jpg,5
gphcwgyzfv.jpg,4
htwbnhukeq.jpg,2
qhawccpugg.jpg,5
uzexuxwtuy.jpg,5
kygbzsouyb.jpg,4
mzbsuhpyju.jpg,2
npsspecthc.jpg,1
acozuevqlt.jpg,2
wyrgzlhzme.jpg,0
jqagcmguxl.jpg,2
mhvhszoeuc.jpg,2
otlpoenbay.jpg,5
tperzhuebd.jpg,5
xvozlqfqkn.jpg,4
knjbaeymbc.jpg,0
wtpphhuxfc.jpg,4
xuwpkpvkdm.jpg,2
xibekylfym.jpg,5
dyrnbfhuef.jpg,2
oqhakhdujt.jpg,2
cdzzzixvtp.jpg,3
cfxtdtvkug.jpg,0
kqbsbbvogd.jpg,5
wkhxvxsdry.jpg,0
irnaygvows.jpg,5
kjxlbigqff.jpg,2
tnswtgsttq.jpg,3
ltmgnewkwi.jpg,3
egjyarqnjd.jpg,1
ytdrlqxwwz.jpg,2
xdisqcvgnn.jpg,4
zyytqigcxs.jpg,2
ddzzbalalk.jpg,4
ksloccbnnv.jpg,3
zvaykzrjhe.jpg,2
lvqhtupgip.jpg,1
ceokvmnnct.jpg,5
aavrlbtgzo.jpg,1
hwyumovhei.jpg,3
wljwmfwxxz.jpg,1
radqbmihre.jpg,2
nfchbqxxyp.jpg,4
qmjwcfofqv.jpg,2
kslknblzpr.jpg,5
ajdpfhevsm.jpg,5
knymzxtplu.jpg,3
flynrrfppm.jpg,3
cegmcvoqdn.jpg,3
hxernttzcm.jpg,2
lxnbzbtfim.jpg,2
yozjiqbvhp.jpg,0
bwawuyufgy.jpg,5
mgbggsbpsh.jpg,0
huxmqwoink.jpg,4
jyocibszmx.jpg,3
npjhgchhas.jpg,2
ihjzittjit.jpg,3
mwvkreqmui.jpg,0
jxkejkhwbt.jpg,2
jmgkgpbyqf.jpg,2
ibzbbeswoa.jpg,5
etnignokta.jpg,2
mnzhfeqaas.jpg,3
nkxeiemptj.jpg,5
khrvchbjiy.jpg,0
vikbmybkye.jpg,3
zxlvngywiz.jpg,0
tvrksysiin.jpg,1
gsyrdcmenm.jpg,3
voueccswtu.jpg,5
lbygvoovto.jpg,4
wsvojhiiqq.jpg,2
pbpfbqkdsh.jpg,2
lfgeibfzns.jpg,2
avuwvymwhp.jpg,4
sthftfyizj.jpg,2
wlqmbfsljd.jpg,0
xsxkdqmykp.jpg,2
iesmbuqzwl.jpg,3
nefckkbzkr.jpg,4
kairawbptp.jpg,2
vyxzttyeuy.jpg,0
omlnkdlmgt.jpg,4
efzaurrrug.jpg,2
cptjirioph.jpg,2
cvrqcmzmaj.jpg,3
kzunodnnrs.jpg,5
pavngfrdda.jpg,3
tdghngytfj.jpg,4
vwuflwpoqz.jpg,1
qojterkjhy.jpg,5
ndwnjdcoiz.jpg,2
kxipdcbxoy.jpg,5
bhfpwwirth.jpg,2
egxiynvmge.jpg,2
tjsomppjth.jpg,2
vnkuxhtplo.jpg,2
welmarjckw.jpg,5
etnrvozkbl.jpg,5
enbnnsrjyx.jpg,3
xmtcfghgyn.jpg,4
zdfrgxctcn.jpg,4
cbqurhrvpf.jpg,3
cnfclohlee.jpg,5
neoorlcwax.jpg,4
wfvqnzausm.jpg,3
giqoecgelk.jpg,2
htmcgsavaq.jpg,0
dkkseeeskf.jpg,5
dzmquzyqhu.jpg,5
uqegoizidt.jpg,0
abiveigrow.jpg,0
ttipjsgnnx.jpg,3
nhavkklgsd.jpg,3
jcxmodevbx.jpg,3
vpmncxvsvb.jpg,5
vmqrdaqzyy.jpg,0
bnpjoqxwtw.jpg,5
lezrwybtbn.jpg,4
ycoepusdtd.jpg,0
ytabpsvsnw.jpg,0
mflmwrsulz.jpg,5
irgfdhztfb.jpg,5
aadommzsxo.jpg,2
cjdanytcyo.jpg,5
ofwrmxtysh.jpg,5
vauhgmncsc.jpg,4
eakijfivvb.jpg,0
cjkhzamrko.jpg,1
mugzlhtggf.jpg,2
lrascrnnwp.jpg,3
qtkexxbmhp.jpg,2
dcpjvahdvl.jpg,3
dxkjivrzzv.jpg,1
jiukelwsor.jpg,0
qrwvyhkqht.jpg,5
judbvpsjpr.jpg,2
vbffsfakay.jpg,2
jchbuoymgr.jpg,3
boasmoftni.jpg,3
fnnunscbju.jpg,2
efxjaybyhy.jpg,1
dbslthkeof.jpg,2
upbsuiqqbt.jpg,3
wrbmgzhupd.jpg,1
hjyxmovkmm.jpg,2
mnpmjpwued.jpg,3
ewafdhuswc.jpg,2
lzxtglnnog.jpg,0
diojiuhflg.jpg,2
ydrcpchmlg.jpg,2
vblazvwcry.jpg,2
poqxeclfcp.jpg,1
xxqntcyrix.jpg,2
bgjkjojjip.jpg,0
dbtxhufyir.jpg,5
yxmwimtibi.jpg,2
ujqbbontex.jpg,2
yrwvdvpxzn.jpg,2
tssvvpmsqf.jpg,1
ampphksmkc.jpg,3
nayyxkollq.jpg,3
njejywwioa.jpg,3
piumdvegvy.jpg,5
rwozyeraqv.jpg,5
bujjqeagzc.jpg,2
ioqffgjtnb.jpg,5
flizxlmzqg.jpg,3
fbdfglfmtb.jpg,4
ihlooollua.jpg,3
ujpflazgrl.jpg,1
pmxbklnmzi.jpg,2
wyvrmajfzq.jpg,0
wbiabhwqmt.jpg,2
wnzakmhtex.jpg,5
jqxlzveyki.jpg,1
fvtxpfobhk.jpg,3
mmkrziotnf.jpg,3
hznmedlzuy.jpg,0
agmzlhueqh.jpg,5
lixzhfqpia.jpg,1
qbyffscrjz.jpg,3
vicwwmtzto.jpg,4
uxefmiboxa.jpg,0
poihxztpue.jpg,4
rwytnafzef.jpg,2
gaixcrhmlg.jpg,2
dktnrtrvpt.jpg,2
egmrntgjas.jpg,2
codbgzxwwe.jpg,3
qljkmarnlm.jpg,4
xopmmrbryj.jpg,2
qmnwbplkgf.jpg,2
exgolzjtrs.jpg,1
qoxbbgjasg.jpg,2
kddipuxuyp.jpg,3
jynwocvkwh.jpg,5
gioxjolydh.jpg,3
jembeqpfui.jpg,0
gjwvpmjrhx.jpg,3
cyuxlkyfga.jpg,3
ovbgretraw.jpg,3
gazkbpxijg.jpg,3
gcvbquexbz.jpg,1
liohbqizvl.jpg,3
urlihxhwpt.jpg,5
aprnjlfxue.jpg,3
ryrmtdnvse.jpg,2
umyeyujnvj.jpg,0
fdpxtbqtuj.jpg,1
rzrrouvxqm.jpg,4
vkgmbugjxa.jpg,5
seckdrojef.jpg,3
frdwlvakbm.jpg,2
lwjlfdxdsi.jpg,0
scmqyaxmub.jpg,1
skxbbfvver.jpg,2
vmafemsghk.jpg,2
otjcpmnmhw.jpg,1
stsgujbpzu.jpg,5
mvsxzbwlly.jpg,0
mozyobolcy.jpg,5
wnkylumoto.jpg,2
vdrricssrt.jpg,0
fwqwehhhgg.jpg,2
mjwowzlkql.jpg,2
cjnnjtwpyp.jpg,3
jkqbuhupue.jpg,3
gdbcajfjgj.jpg,2
riezzvecdy.jpg,5
jrjkpwdcpv.jpg,2
gotqvypwbk.jpg,2
osacyppadq.jpg,3
gjjxinxfho.jpg,4
hywcxtgrki.jpg,0
hobhwjgizp.jpg,3
xerkkokion.jpg,5
yuxybwwpra.jpg,3
zevnzlxkip.jpg,5
vujwfdsdof.jpg,2
ofdzbvezsa.jpg,3
dkdhpimvgs.jpg,0
aumcnxhjnv.jpg,3
tjwaznrggd.jpg,5
sjaxxsmqtv.jpg,3
kdfjscrjdg.jpg,2
xsiukywutp.jpg,2
ybkktxdnuo.jpg,1
fcdqjrtugx.jpg,4
zgifjprurc.jpg,0
hvotrlpryl.jpg,4
opekxtrhnf.jpg,2
giagcgfvky.jpg,4
vxhveqtroq.jpg,2
tskguietcm.jpg,4
stxjtsvqyu.jpg,3
evfjqgxgkd.jpg,2
mhmggyouvg.jpg,3
rgattvucpg.jpg,2
mmkfubbpfn.jpg,3
jnygenxmww.jpg,5
xkguysfzuy.jpg,2
jwmnmtwuui.jpg,2
wunisotmwu.jpg,5
emilfoxusi.jpg,3
ehxdmwgmgz.jpg,4
uaobsymlbu.jpg,5
mbxrchzfxu.jpg,3
ikmkvcgrjs.jpg,0
yfwqrtlmia.jpg,0
jbrhoftbho.jpg,0
gzxtnjdmlt.jpg,2
kdkodtjcce.jpg,3
vpasemtfgn.jpg,0
jjeneljqfg.jpg,2
zsjmhgjavy.jpg,2
dupoomilod.jpg,0
rsgzkwdasd.jpg,2
kzcbokzdkl.jpg,3
fszxpulqtj.jpg,2
cocjqsjrah.jpg,5
mcuqzcondw.jpg,2
ieyfjivryo.jpg,4
lxnpzwbhsd.jpg,1
fwdyqdmhgo.jpg,2
gjfcpumwim.jpg,4
nxkbvdkdzh.jpg,5
mqyiyqbkyk.jpg,4
jtygnfetow.jpg,2
kyftdekqja.jpg,2
xokkhqjklf.jpg,2
kkzgsklkwx.jpg,0
ejdfrcuunl.jpg,5
sgzxbkgdrk.jpg,3
wzzvjkuvdq.jpg,2
roibaegivp.jpg,5
aalklhugfb.jpg,4
bjwbrvjsrb.jpg,2
ikvhogbnxl.jpg,2
xrtwfkbifz.jpg,3
kycbhyshck.jpg,5
ghicwoqasg.jpg,3
mjakwoaahb.jpg,2
klpxoeftdy.jpg,0
qtfmtofxoy.jpg,3
jisogxcalh.jpg,0
dxpeylsrdl.jpg,1
rpxbpswdhl.jpg,1
lmibbbyxnv.jpg,2
evggwismux.jpg,5
tmbfnlmgwj.jpg,5
newcrkceec.jpg,1
cbpucvmoxq.jpg,2
cnuankahwf.jpg,4
axgpmjzgjr.jpg,2
iykaeeizzm.jpg,3
yqvijinijw.jpg,2
pnxihywmdw.jpg,0
kaflwjcdhe.jpg,4
cauoniantg.jpg,0
anapaeawbb.jpg,2
tienhnuutd.jpg,0
xbiykeanje.jpg,3
kxxmlodetc.jpg,5
kssvcerlxv.jpg,3
ripxdywxrf.jpg,3
zehypxpmpx.jpg,3
hbllbuglmv.jpg,4
elrigzlaex.jpg,3
zoytyduwss.jpg,0
poelxllzps.jpg,4
dvsvhnmaps.jpg,3
mmmkrmndwb.jpg,3
sfsnhxrcau.jpg,2
ehohjuonjj.jpg,3
lbnsckzdtx.jpg,3
ijezdvpwjh.jpg,2
iyuydftfzf.jpg,0
jeohecyzht.jpg,3
dxfdgupubz.jpg,2
ytqotkqjph.jpg,3
tsmwxkljqo.jpg,0
bxuouijdhd.jpg,2
hedykffzlk.jpg,4
wkfamqmaqf.jpg,5
cjbfkwdqbc.jpg,5
cgjkakwlyw.jpg,2
qdyknlrpoo.jpg,2
hknvjchyws.jpg,5
plsclpnwwh.jpg,2
okqcxuupzk.jpg,3
jatyiepkul.jpg,3
rkxkrwqpte.jpg,4
bjhpuijlxh.jpg,0
ppjtstdpxi.jpg,0
jxxpmksyak.jpg,3
okcbtbzhxc.jpg,2
vvipdbkamn.jpg,4
onxikvnsop.jpg,5
mfafzyojef.jpg,0
utmyxroxmt.jpg,2
lyepythcua.jpg,2
gmulitidyc.jpg,2
nkpkfycfps.jpg,5
mwnfgpinst.jpg,5
ysosqsldxp.jpg,2
ztgtjbzyth.jpg,3
bjwxdhtbkc.jpg,3
wxybcezmqe.jpg,3
hdjxvhdscl.jpg,4
xxgiuivloe.jpg,2
dqnvjldsvk.jpg,3
anyjriiqrb.jpg,1
kipddoavpy.jpg,5
aedyjdonqr.jpg,2
aqchgshbfy.jpg,3
cmphzotvea.jpg,0
snhkoppjui.jpg,2
gfiyjockof.jpg,2
coopfsbpgf.jpg,5
wlqqzmqpqj.jpg,5
pudirfdlzn.jpg,3
wpifxbpifp.jpg,5
kyijvodtld.jpg,2
vhndtqltbc.jpg,5
ebdtctcsvq.jpg,2
ndsllhgftw.jpg,3
xhelbqhkbj.jpg,0
yvtsefpguz.jpg,2
nzkzteafoo.jpg,2
rkwbdmghko.jpg,2
ezlhnqshra.jpg,3
bmaprcnpmh.jpg,3
bownrjgqnf.jpg,5
rlnskwvvdc.jpg,3
dpldwhczwg.jpg,5
krilxcuhfh.jpg,2
wbxkzuwvgq.jpg,3
ispwrwtirs.jpg,5
cgjqeiwkqt.jpg,1
dxafdlonjn.jpg,2
yufcbndeny.jpg,3
kyvzjnvotd.jpg,5
bdxolehttm.jpg,0
vbdcphrter.jpg,3
kmrmhyiwlq.jpg,0
lfocqdhooo.jpg,0
ixgwottmin.jpg,2
asjbbwggek.jpg,0
wzxzuzkdoe.jpg,4
gqkhlocmuh.jpg,2
obzsrviula.jpg,1
bpczhrwskc.jpg,2
ffwqgjwnxv.jpg,2
dtevcoaygb.jpg,1
vfvfkmcmbt.jpg,5
zwzcvwvyea.jpg,5
llkfjeqwhw.jpg,2
bqxxyizakk.jpg,2
elbwpwbufr.jpg,5
ixopmmtprw.jpg,3
fgqeiwzwmr.jpg,2
tqiudxudop.jpg,4
wohmokjfid.jpg,3
fndtgieinu.jpg,3
asgwmipvyt.jpg,3
gnghzttalb.jpg,2
maqydmfmrq.jpg,2
vzierwgcpd.jpg,5
hftnbdvzbq.jpg,3
yxctbhvwcx.jpg,1
mggkeelbpt.jpg,3
bxhslwduzd.jpg,3
mjwjoixhse.jpg,4
fghetwnydq.jpg,3
mjakiufnhm.jpg,4
besioqfuwe.jpg,2
ywenmvojxu.jpg,5
hemidtnidq.jpg,0
dreelxelci.jpg,4
crwujxzlhh.jpg,2
pylbrjgqxq.jpg,2
sxccwykccj.jpg,3
yeeinekjem.jpg,2
klgvseehdp.jpg,3
csiwqppdyn.jpg,0
grxirxegeu.jpg,4
lybmdbitwn.jpg,0
uinpnueajg.jpg,4
tzujifrihs.jpg,1
tyxdqmpmqj.jpg,5
lhdjomnygy.jpg,2
tpixnhcxjo.jpg,4
bpuygmiluk.jpg,2
bngltbnedy.jpg,1
qozdlcdugz.jpg,2
ffleiztkce.jpg,3
haduzsepxl.jpg,4
fxczsacibd.jpg,1
xqqtmxcodk.jpg,2
nfsmymwqds.jpg,2
evixtsmjzu.jpg,5
zzddrryddn.jpg,4
afiozlrsvs.jpg,0
tkzegpdpws.jpg,4
pnchrbmhdk.jpg,0
xtulcdylby.jpg,1
famcorqxng.jpg,5
sssybhdmfk.jpg,1
uuuzkmsqjv.jpg,5
eibuecygtr.jpg,3
zgvrikuaqq.jpg,2
vosxahgnhj.jpg,0
wmulkhequd.jpg,2
scnysgqxfl.jpg,2
yegazoiqst.jpg,5
nuvwdderlo.jpg,3
wkdmsawhyw.jpg,1
dapectdqop.jpg,3
mpvsaqpnwe.jpg,1
clnefhzgxd.jpg,3
yjasmkvvbj.jpg,5
fiiqljvnlv.jpg,0
zgclfvkvjl.jpg,1
xtobvpmenu.jpg,2
cksqvpjauv.jpg,3
txbaybipqt.jpg,5
wunmjlnile.jpg,4
xfjsesfpqg.jpg,5
gsgvbuwguf.jpg,2
sidtrwccsg.jpg,1
aikrbbtonx.jpg,2
sewhzvtrnh.jpg,3
yayixijefl.jpg,5
ctnzyxpyyk.jpg,5
igizejykga.jpg,3
zkgneqfluf.jpg,3
lijdqydyrl.jpg,3
uibyoeoiwt.jpg,2
fvvmzwwhzq.jpg,3
wazuevbvva.jpg,3
jtwkjtaxkk.jpg,3
zyeidbgwym.jpg,5
hllygaqzvt.jpg,2
fzociqcypc.jpg,3
surpqkzmcl.jpg,4
czjpenyliz.jpg,2
yojdayijpn.jpg,0
rtpwlqasal.jpg,0
ocegdqslub.jpg,5
fxcudbwijv.jpg,2
xezyzlytxr.jpg,2
afgxpmdxkb.jpg,3
lawhfzvafi.jpg,3
yjfcoyxzre.jpg,2
ourjasgymf.jpg,3
axglopoddm.jpg,2
ojptppmvnt.jpg,0
gjimunsuad.jpg,4
dqrguakvbo.jpg,2
ymlbpwwemz.jpg,5
cbghqundjn.jpg,2
naesvnvwku.jpg,5
ejxkphccyx.jpg,3
rhxzvttost.jpg,0
mspmbjjyfp.jpg,2
wodugamccd.jpg,1
nquqwjwsar.jpg,5
nfsyyiqvkh.jpg,2
qfkfvmqadz.jpg,2
iwamvpsbxz.jpg,5
srkznqjghv.jpg,4
ddqhiodytr.jpg,5
mormrmjcws.jpg,0
tbszoruspd.jpg,3
kuydemoekg.jpg,3
dhtbrwrojq.jpg,0
sxcvlvntox.jpg,1
udkzshclfn.jpg,5
pxprwbtbzm.jpg,4
rmnuzyjbjw.jpg,1
lvelgpgtsx.jpg,0
wphurzebax.jpg,5
hxmyuunyap.jpg,3
nxkxphwguz.jpg,3
yjrzfxscmx.jpg,3
zherosnryv.jpg,2
poormyabsc.jpg,2
ipqowiacqq.jpg,3
kmnfrextpg.jpg,5
lifwvpzvzw.jpg,0
amlyjvmzlc.jpg,3
ufbwazjytb.jpg,3
hcunzhgeop.jpg,5
nrqgvrygma.jpg,4
orpyvmxdxf.jpg,5
jmjamqprjh.jpg,2
jpydfljphr.jpg,1
lrrfcnwlon.jpg,5
lnwkvteghx.jpg,3
ozftabezko.jpg,4
gtcbcnfgpa.jpg,0
bqgtcannng.jpg,4
hoqsqzgvva.jpg,5
svqkiatccz.jpg,1
puwyyofdfs.jpg,4
jnimckvist.jpg,2
lvgffhkicr.jpg,3
quifvwuqux.jpg,0
xhffcitfnl.jpg,2
wbwnxqqvrq.jpg,5
agnclkvvuw.jpg,5
ectswslswb.jpg,5
mqwpjzdfgr.jpg,4
xsfbykpnyj.jpg,4
hnjfmlqfqq.jpg,5
gjczwzhxfq.jpg,1
fxzegyfhel.jpg,5
otjdmrglyl.jpg,3
dfykrajpdn.jpg,5
xpjdgybtfx.jpg,2
ycmjlmrygp.jpg,2
zzrzokytxd.jpg,2
dguvdarluj.jpg,3
runznobutm.jpg,0
rlypogeldg.jpg,3
ezlphvgtbf.jpg,2
zefeekrncp.jpg,5
antldmwdit.jpg,5
vtxwhfuith.jpg,5
twntwvpfwc.jpg,5
muvejqmvfz.jpg,0
vclsovpfun.jpg,2
hfngvjxhtv.jpg,3
inhthehgzj.jpg,3
zeqtcnhwlu.jpg,0
jmiudcdkkq.jpg,4
pthhgcwxqt.jpg,4
wvpjihhcvr.jpg,2
kisrzhacxy.jpg,2
lqerseqbah.jpg,2
nbddsuzztd.jpg,0
nayzfhndmf.jpg,5
mqsplnctrm.jpg,5
jgqlanbkkt.jpg,3
jmzkfuwqan.jpg,2
abmlecmyui.jpg,2
vukpkwyghn.jpg,3
decacmxutc.jpg,5
adixxdomcp.jpg,0
mqfksnwygj.jpg,1
jgdlrdlqaa.jpg,4
ulahemfruj.jpg,3
ordvnqksux.jpg,1
copqtxaiya.jpg,2
qypjyxfghx.jpg,5
lkmbtusfes.jpg,4
fueeucbzoh.jpg,5
rviaihhgcz.jpg,2
ekhoqtymsf.jpg,4
xxeqogtslp.jpg,1
rlceycgwpb.jpg,5
jbtfminvcm.jpg,2
zbaytdkvdl.jpg,2
cpcrvchiey.jpg,3
rddqdzefvf.jpg,5
gdfxtdbunb.jpg,3
qegcfejirq.jpg,0
ikwafihddp.jpg,3
jqyrrrrlto.jpg,5
glfwnpbxpz.jpg,3
tdyjzlfukx.jpg,2
fvnpdwujvm.jpg,2
uwtifflvlv.jpg,5
piuvonkbgy.jpg,5
nsttncmbxt.jpg,3
pbescwwdmw.jpg,2
saaqquowcp.jpg,4
mjxrlfnsxp.jpg,4
ervmaviakd.jpg,5
qtvwccatvf.jpg,0
bcbsqhxtci.jpg,0
meuzlbkukr.jpg,2
bcylvxmpgf.jpg,3
rgfokoqxrc.jpg,3
lcwqxqdetg.jpg,3
fwacwpvahl.jpg,0
ixeqpzswkb.jpg,5
wqwcukmitb.jpg,5
jiuvvgwhin.jpg,0
fldbhegqdl.jpg,3
lxmjlmrwlw.jpg,2
xnhtieytkk.jpg,5
sjtuyfzjyk.jpg,5
uxcortwdfa.jpg,2
ysoiidukxj.jpg,4
kltmlbtnjy.jpg,1
lfhjdqsyhc.jpg,4
nslawhuico.jpg,5
zveofkhzqk.jpg,2
pzcnttttfa.jpg,5
werwoplioh.jpg,2
gquewgewga.jpg,2
bseitieurf.jpg,2
gbwhljelyo.jpg,0
nrzvcjwuji.jpg,3
vvitiocdjt.jpg,4
jsrzuvdetg.jpg,1
vbijwptcmg.jpg,2
wytscrjhbz.jpg,3
itlcqnwqkh.jpg,1
ndoqwuiwso.jpg,3
tjydeujjmv.jpg,3
pneiauskcq.jpg,2
evrxtqhaor.jpg,2
hnzhmdobpm.jpg,1
twqvcegbbc.jpg,3
wsmegudieq.jpg,2
hrgshrtgpm.jpg,1
ruhaeqzvsu.jpg,4
bpxumutrxn.jpg,3
tebfzzxcyf.jpg,2
kofurmynff.jpg,2
rnvexnvmxy.jpg,5
ycbhaoynvn.jpg,2
vuwlcfhaxv.jpg,0
ajgpytirph.jpg,2
ypuavwfgkl.jpg,2
uombwfifdo.jpg,2
ggfbawbvfq.jpg,5
uunqsueseo.jpg,5
mqdlhxvqzg.jpg,3
yoqgcojsbi.jpg,2
osafkywyms.jpg,5
guaphfelum.jpg,2
vohwuxzrhs.jpg,2
gaqvlsrpzz.jpg,2
vdvyjztyog.jpg,2
tccxyvfdfj.jpg,0
aoerlvvgoz.jpg,0
zhjqmpbadh.jpg,4
vtwhdtvzji.jpg,0
sxnbmchkaf.jpg,3
ngikbnwzuc.jpg,4
sklqjdbolo.jpg,0
sxgzuufeza.jpg,0
ardenrtlry.jpg,4
wavmmntaqq.jpg,3
stmtkfzrtr.jpg,2
yrzvxsdnae.jpg,4
iuwkczzieb.jpg,3
yircxyvyka.jpg,1
lddyorpkqo.jpg,2
znxtngbwro.jpg,4
asiuizxpqh.jpg,2
xzosjizzfo.jpg,2
iqlpszdvoz.jpg,0
jzjbkdnxjn.jpg,5
ppwypjgmda.jpg,2
ncphvmyhdv.jpg,2
foihwvqaij.jpg,5
kbbtpvealk.jpg,5
zdgzzjevgt.jpg,4
rbzhultzoj.jpg,5
hrguexabcj.jpg,4
zcnxcetylv.jpg,2
cynrjustid.jpg,3
zobjtgxmup.jpg,3
wmzvkaqdmw.jpg,5
rcewbfmjni.jpg,3
vwpszxacev.jpg,3
erbrrtdwgy.jpg,5
ytkzvzrnfj.jpg,2
afviahljed.jpg,3
zpweoqkwvl.jpg,2
ylnpnegzth.jpg,4
yeyostqtjk.jpg,3
niolbybcnm.jpg,3
vrwjvdkddn.jpg,5
xrhpkmavrj.jpg,4
idjwinqifx.jpg,3
vzedervlow.jpg,1
dxfykwnuto.jpg,4
ltrsdbbthn.jpg,4
fgpwlmqmmw.jpg,2
wspyliclfm.jpg,1
ebvydiabap.jpg,1
rpzrglzuzy.jpg,5
mleysbacke.jpg,2
wqjocasuvq.jpg,5
iaglnvtvcs.jpg,2
unjgnyfikg.jpg,5
lsqwqucfcn.jpg,2
zdtvxkhttd.jpg,5
nusovrngxu.jpg,2
wvrpihuygi.jpg,0
etjubmrgmc.jpg,1
uxdwhfilsl.jpg,3
dfuanimmax.jpg,3
lpklmlbowo.jpg,5
whlyyilzol.jpg,2
cxvaektxke.jpg,5
utlsophsoz.jpg,3
wcxczkllfw.jpg,5
mswajcybyn.jpg,4
psptihxicx.jpg,2
vjugxcvkoj.jpg,0
siwergcdpa.jpg,2
itvxfqkrjm.jpg,3
unrqpxqyxe.jpg,1
mgshlclgmp.jpg,3
jyuhvehliy.jpg,3
bvqlhawvtf.jpg,1
jshilsdpgf.jpg,2
epmcqfajzu.jpg,2
mwmtnwthmj.jpg,0
gzdubhisgo.jpg,0
pcdsikzxus.jpg,2
lunlybitrl.jpg,1
tmplnblsrz.jpg,5
oagkavgqis.jpg,2
axdebgddlh.jpg,3
yggqulrxsv.jpg,5
fydknsegqo.jpg,5
tyogttemgh.jpg,4
imcymzjrtq.jpg,4
huxjhhvwvf.jpg,3
iphtuunnqz.jpg,1
slwxtjceor.jpg,2
kffnfbmqmj.jpg,3
lgqcbyyiph.jpg,3
zhzfgqhajy.jpg,0
swqiywrlmw.jpg,2
whottwdbuo.jpg,0
otehhmbdeu.jpg,3
ogedahqpyc.jpg,5
yvaqnbsfry.jpg,3
fslvclcgeb.jpg,4
unqkieehle.jpg,2
fqddujwmaf.jpg,5
elfrdyfkfu.jpg,0
xzyxztcuyp.jpg,3
tnatqklxiz.jpg,3
xwvnpuwnee.jpg,3
cmuwivymgg.jpg,5
xlhxwsvfvv.jpg,2
xbsrkkxdcc.jpg,2
efogtyvcdn.jpg,1
xqsmozwlth.jpg,2
qjxhooavny.jpg,2
odqunjbmeh.jpg,0
elhxpwvweu.jpg,3
rlnzsqgfay.jpg,5
pjyuckezix.jpg,2
wtserdwbii.jpg,1
efqkjimdnm.jpg,4
eiddrcsunn.jpg,2
mtfveocbbe.jpg,3
qenpucowrf.jpg,2
omsbqydpdq.jpg,5
wctbtwokdy.jpg,0
perifunvmb.jpg,1
vwzvynucfu.jpg,1
taywejbjis.jpg,3
znztvotjfs.jpg,2
aongqghgoz.jpg,2
bazfluijps.jpg,2
rpzgddnpuz.jpg,3
lpqufleeqq.jpg,2
izkeocncxd.jpg,5
uftecpauvo.jpg,2
cbpzezzqei.jpg,5
mshaqubjdp.jpg,1
zodplywrjh.jpg,5
nfzjfzrudd.jpg,1
gdsutiyakd.jpg,3
yxjisrmilg.jpg,5
xcydykvouk.jpg,1
elwdcvvqyb.jpg,2
bokpscuvoy.jpg,2
hsqqwjrzdp.jpg,3
poklgdgtjb.jpg,2
jqmmxsxdgw.jpg,2
obmetxeujn.jpg,2
stmzjqontq.jpg,3
zjfpnnpgct.jpg,3
hlckjeikne.jpg,0
gabmngjxbc.jpg,2
phppsbkkyo.jpg,2
ncgitpcfkq.jpg,2
rxjsuowjqb.jpg,0
aieimgbdfq.jpg,1
isotieksuu.jpg,2
wnxocrygtw.jpg,3
ptpkgutdjk.jpg,3
inrtryudjl.jpg,5
kezvjgrvvp.jpg,0
owekyrvjtp.jpg,5
kvidetxzho.jpg,4
fgrydthbbg.jpg,2
txxakkxmxq.jpg,1
tnomtbaksd.jpg,3
stvkiyiqop.jpg,1
hlwtvfjdao.jpg,2
zfreojfdpy.jpg,2
yibxullzmv.jpg,2
gqncnpnbno.jpg,3
wqpzkryijf.jpg,0
jrjqhkostn.jpg,5
jvrxylxpgx.jpg,5
chpmmzksnf.jpg,0
sbbwtygfav.jpg,1
qofhybdulv.jpg,2
tijjdxdfdr.jpg,3
dvuarlretd.jpg,5
qscygtlocg.jpg,2
mdvhpieits.jpg,4
jpelshwdwp.jpg,3
zlwvlibzjy.jpg,0
zkatzlhbpv.jpg,2
nagclmllek.jpg,3
lmtlgbwiyq.jpg,2
gorifeeyqr.jpg,2
dbssacnbiw.jpg,5
rtidilywpz.jpg,4
mveriuyvuw.jpg,3
cwxugocajj.jpg,5
ygpyelvhgz.jpg,2
icnadnnxiy.jpg,3
mexfgdafsr.jpg,0
tibzgewqoc.jpg,5
uujdssqdjk.jpg,5
tatlsfwgoa.jpg,0
gobyvwmcza.jpg,5
zpfogbkluc.jpg,3
bpduohndzd.jpg,2
yyyzccyqpr.jpg,2
hymsuujvzd.jpg,0
tzwmsrobkx.jpg,5
makawzkqmv.jpg,5
dvmharnjlm.jpg,2
kgsnzbxuwy.jpg,1
inqmuqjlei.jpg,3
lqpunxlmdb.jpg,5
hxogwefcif.jpg,2
zctzzjrlqs.jpg,2
soaeghfwnf.jpg,0
cfacsxrioz.jpg,0
slnixwbiht.jpg,0
azezjrjwxh.jpg,3
cysypzvjyw.jpg,2
wmrlilxame.jpg,2
fjslyfiexk.jpg,3
ypxsfrckao.jpg,0
gkyljkxhgy.jpg,2
ebuzjwydds.jpg,3
xoqosovull.jpg,5
riulszyiwu.jpg,1
kjspcukdti.jpg,4
xtpmtzqahv.jpg,3
ntitneraus.jpg,3
mvljwbxcqv.jpg,5
vyrbcybvxz.jpg,4
iwhqudqntd.jpg,5
dhwmiizbyc.jpg,5
vbegyyhfzq.jpg,5
esdvthmlfv.jpg,2
mdaqopmemp.jpg,2
msreshdgsa.jpg,2
lpogyqdyxb.jpg,2
lhvjpwmlop.jpg,2
tkedwawgxc.jpg,2
cuxydkhzth.jpg,2
vlbbygjrny.jpg,2
kbiaylerub.jpg,2
jipjbmvabu.jpg,2
pmtkhteeco.jpg,2
rgjxzsyjmk.jpg,3
esfkenqbih.jpg,2
pnighinehe.jpg,2
vwvwbxplxz.jpg,5
lzemrkiqii.jpg,2
ocwzcnpnnu.jpg,3
knytoakchf.jpg,1
xonozngomb.jpg,0
agxmzvqpvb.jpg,2
zabonyoyqz.jpg,0
qmvgszkids.jpg,2
iyebduwird.jpg,0
fyqfzfuqmq.jpg,2
atpdwgngzf.jpg,3
anwsrqljpo.jpg,1
sbybxuhved.jpg,5
wbdeludsew.jpg,2
bcqdovfrdt.jpg,0
ebczxgzlip.jpg,5
gjollmnufv.jpg,0
gncxhponaw.jpg,5
vnypsxzvqz.jpg,2
xgofqwqqvh.jpg,2
gmxjjlrfqb.jpg,2
fizyniekmq.jpg,1
fefgrfakeq.jpg,1
rrjbhatjks.jpg,5
vqnmxkbbum.jpg,4
jtswnbwdnq.jpg,4
pmourslsdp.jpg,2
yumtzmpofj.jpg,2
urubbkmtfj.jpg,3
yuthbekuio.jpg,5
jdzpsttmjq.jpg,3
xbirrnteqs.jpg,3
cwfhkghkog.jpg,2
ywuvilmoep.jpg,2
yuljibcryb.jpg,2
eakmhzvqpu.jpg,2
qyzabmkqxl.jpg,5
oianzihgml.jpg,5
qqfnnsisxg.jpg,5
tqbvfozaxk.jpg,3
aqsndoriit.jpg,0
thtlrdkqoz.jpg,3
jufvuvaixx.jpg,4
tabvwfrnjw.jpg,3
heexkmuojk.jpg,4
bxcgfhpknm.jpg,2
uhzmeysrai.jpg,5
olgtdnavbj.jpg,2
mmgpmbdiwj.jpg,5
ldpuumdblx.jpg,3
lejthxhdhe.jpg,0
eyueuvzals.jpg,5
uevhdbvvel.jpg,1
necidypcfd.jpg,4
mszdtrihgc.jpg,5
rvhbxqiiyg.jpg,2
vhcvnbiqkg.jpg,4
ephexgsjoh.jpg,3
cxvgxpqozl.jpg,5
tvgtfeyshd.jpg,2
brjphywxip.jpg,5
nhezhwlhpy.jpg,5
bovjiopfcj.jpg,5
esommwissn.jpg,4
slwtyysysn.jpg,2
inbznlzjfe.jpg,2
jtgrfgnspd.jpg,5
ofpbzaxemp.jpg,5
ybxaciiqmm.jpg,1
vviqrgjpjk.jpg,0
rtxcnlkzvq.jpg,3
yjgvlencdh.jpg,3
ogtqfooisc.jpg,3
mvulvdgfhe.jpg,2
bikmtvvuig.jpg,4
sytmtepaei.jpg,2
xsvuqxcwzh.jpg,5
pvrqvyyogv.jpg,1
dwcmhuvsvo.jpg,3
mokgloqdyf.jpg,2
apacjxvgjo.jpg,5
mfdjlganua.jpg,3
iwlfbwdfoy.jpg,3
jbawmekzkq.jpg,4
tqkwsloeze.jpg,2
zbjorhwqgl.jpg,4
pwclswewxi.jpg,3
ekhigrkljn.jpg,0
yymkgutmya.jpg,3
ymqrwzuqev.jpg,3
rvslvmlgrb.jpg,5
knpbqxgywl.jpg,0
mwxbuwfpre.jpg,3
yjcjaocdrd.jpg,1
dipzgnkslh.jpg,3
nsbnbddnya.jpg,2
lpeuurnhto.jpg,3
djbduoslgj.jpg,2
calmglymqz.jpg,2
rcsjguomxo.jpg,0
zghqxrsloo.jpg,2
toaftyhkkr.jpg,2
fjmxpgcpfv.jpg,3
ubvsqqhldt.jpg,2
beqmqryomq.jpg,3
hjneoeisrx.jpg,3
atykcarhue.jpg,3
jzvlvpjaxu.jpg,4
trbqyqdclm.jpg,3
ilxkpqoxin.jpg,2
dkohdqygib.jpg,5
euszuwxaps.jpg,3
htdatnsols.jpg,0
ufeagizqdj.jpg,1
qbluviftoo.jpg,0
tgfwwndlei.jpg,4
eibhrkqjne.jpg,0
phhyhnygrk.jpg,3
vzqtpbouvc.jpg,5
xmsscmjybp.jpg,2
wvewcsijzi.jpg,4
vztruenpwx.jpg,0
qwccavnbhc.jpg,0
kbxunvtfqw.jpg,5
nzvxsqdsrj.jpg,5
ipcjpbjiye.jpg,3
wigqfyilbi.jpg,0
cfofguwllh.jpg,1
zxvdfaslee.jpg,1
rebzuivvqd.jpg,0
smabjyeyak.jpg,3
xsmnykfrju.jpg,3
rhzsrixume.jpg,4
itbcpvlznz.jpg,3
hoozvwysun.jpg,2
oiivnnnccw.jpg,5
boivwltprp.jpg,0
ktbdswusrs.jpg,4
brkqeatafa.jpg,5
wfxtwvtqer.jpg,2
yuucllprmi.jpg,3
nocqoghlil.jpg,5
oodjpzxvhr.jpg,3
uevyvcsjow.jpg,3
npneqrnndd.jpg,1
stafktuvfi.jpg,4
jjsxbswhct.jpg,4
awflelweay.jpg,5
pivteimgzw.jpg,2
pasrnvqtyu.jpg,3
xvfkfueouw.jpg,3
fxpjsanhpk.jpg,5
dcuksjiszw.jpg,0
ceufslhtra.jpg,4
sqhsktyjou.jpg,3
gqirsywohb.jpg,2
qxbfhobpky.jpg,2
bsqgsefqmb.jpg,5
venehiseug.jpg,5
dbrvbixtml.jpg,5
dmpcqobjwk.jpg,5
mycgzzogsx.jpg,3
xxbykeeeog.jpg,5
jffidqlpww.jpg,4
lvbnveuala.jpg,2
dbopviqwmv.jpg,3
qgwclnushf.jpg,2
fltzvvvnyh.jpg,4
jzyszcinme.jpg,0
zoyaqffurn.jpg,0
pogkjdjpgj.jpg,2
cvvcmfdgbj.jpg,0
ewkoiorpzb.jpg,5
cujyarpkaf.jpg,4
xjjzeprsxx.jpg,2
mvmuspwjew.jpg,5
gmqzflegat.jpg,0
vtlpbgwbrq.jpg,0
afxpcjnmim.jpg,3
hrcogyqtfy.jpg,2
gbtahkakbn.jpg,2
midlurxoyt.jpg,5
fdgmgvadew.jpg,4
ngnqenxebd.jpg,1
hfkjqemoff.jpg,2
kaxdwxeumv.jpg,1
vkewsesfxl.jpg,3
jsdbupvwos.jpg,3
pwzfqaseut.jpg,3
ksmocftxuf.jpg,1
cqikhwjjwc.jpg,1
fvussbfwth.jpg,5
ektzintgcc.jpg,0
mbkjjgupgu.jpg,1
jylmizevdw.jpg,3
qxodsksbxh.jpg,2
ybznsgvpsy.jpg,0
rzkdoqqxuo.jpg,2
cckdifizki.jpg,5
gqlglaygpc.jpg,2
vsjzluouaf.jpg,3
ctwincqpwx.jpg,5
mmpwdbvgim.jpg,3
xqlvvslmon.jpg,5
ewrtrexbqi.jpg,3
eszdpbidru.jpg,3
oyqzfpmprh.jpg,0
svwqfhpomo.jpg,1
qezmjvfymg.jpg,4
fpvufwipgu.jpg,0
vkptktufnt.jpg,3
lsvxpbqcnk.jpg,2
ivpsvlllfj.jpg,2
gbirobodvp.jpg,3
ucybigemdg.jpg,3
fjxfielxba.jpg,5
lqthmxsggk.jpg,2
mzxlwkbvxc.jpg,0
swvqivsezk.jpg,2
ihrlonepfg.jpg,2
zojtkuuhgm.jpg,5
imzcyuosll.jpg,5
nhimqkyibx.jpg,1
hwgynnufcf.jpg,3
nmvrcsrtry.jpg,2
yssjhdducf.jpg,5
ownuxpnlwp.jpg,2
rgawsikpmv.jpg,5
edoreplkmn.jpg,0
etsdmfzylf.jpg,2
trbuuiaafk.jpg,4
marsxjckfo.jpg,5
ufdryfhicr.jpg,2
awuxaingcf.jpg,4
bcbbvggzxb.jpg,2
ebocxvjbgi.jpg,0
upxubgaszx.jpg,2
ysronipikz.jpg,4
tlxjbsvjoh.jpg,0
sirxgrhkqd.jpg,2
apqrcgglqu.jpg,2
hpkrwwiuyp.jpg,5
zsvgfbkcwk.jpg,5
uyuwvasvvq.jpg,3
wbdepuqbcg.jpg,5
zlowuzigjr.jpg,3
kfkjwgtdyn.jpg,2
soyeoetapm.jpg,4
hstwcacyua.jpg,5
aladfglyez.jpg,5
pzxiazskrf.jpg,3
ggswdtqtss.jpg,0
ixwtxaastr.jpg,2
hqretpbrzp.jpg,5
oparqcvkyz.jpg,2
bdfekmhjdv.jpg,2
ikstfqvfsg.jpg,5
xdmawcursm.jpg,4
swzencdvfb.jpg,2
uybnqdjguu.jpg,2
oytjktqelo.jpg,5
lgpxvbmjph.jpg,5
wdgqbcunje.jpg,4
nrhsdzndru.jpg,4
ozvhuvnjxg.jpg,4
ldnsegvnhl.jpg,2
zwpyssgafk.jpg,3
ihdxwafqth.jpg,2
qodxqplvqb.jpg,4
cvcerotgpo.jpg,3
xrggupdiqx.jpg,4
thzylptofz.jpg,4
ifspimmhgf.jpg,1
savuxfedzi.jpg,4
bskmqnbpxm.jpg,5
tnhlrrxtun.jpg,2
lxuekbenax.jpg,0
epjyuoawqi.jpg,3
piubhctkty.jpg,5
gkbajoqggd.jpg,5
iqfaqdnrhr.jpg,1
ympsqrjild.jpg,5
xgausjnxix.jpg,5
fupeqngase.jpg,4
nxrekygiwi.jpg,0
xyywkrgzqw.jpg,3
bjdbhjozzn.jpg,3
caccoykent.jpg,5
pxgdcnicty.jpg,0
yldsukgmre.jpg,4
jvzjkzlcxo.jpg,2
xedqmvnpvd.jpg,2
cuwqksqdqn.jpg,2
ipmahapjpm.jpg,1
syzdwfoubx.jpg,2
xukcvyhbng.jpg,3
rtmrwvywro.jpg,0
mgsepfppvj.jpg,3
utafysmkqi.jpg,3
zcazscrzip.jpg,2
uodaznwubv.jpg,5
aynsfjesee.jpg,3
wbdmdtigmv.jpg,5
cegodglise.jpg,5
nfshgppuof.jpg,2
rihiuzczgk.jpg,3
pcdbefkhwl.jpg,3
satsbwvqcy.jpg,2
uplpkzmsgr.jpg,5
xqugoewiqt.jpg,0
shuxkfjglp.jpg,5
phqcvkiplq.jpg,3
uridinfkne.jpg,3
kyllloffik.jpg,0
hmxlcefnhh.jpg,4
ezttrehknv.jpg,3
ogoxwyjtvy.jpg,5
sdqbxsxyms.jpg,3
kwfseufcda.jpg,3
njrhrmnwwh.jpg,0
cacpuymche.jpg,3
gtkjansyya.jpg,3
jnmmjdyoqr.jpg,2
qptkewlsmz.jpg,3
ugrfoiskdr.jpg,2
zagzuhigtq.jpg,3
tqvrfogdtc.jpg,1
rmuabacixi.jpg,4
xmcmhyjpjq.jpg,5
upmjdwxcpv.jpg,4
ivttehsgex.jpg,2
nsuhygstfu.jpg,2
musexqhpqp.jpg,4
kpflxmhvpt.jpg,2
vywepeotue.jpg,5
cwslumwsta.jpg,5
itzrgfdxzm.jpg,3
rnwlzqsorn.jpg,2
ehwlhofgpv.jpg,5
fcmdwjbjws.jpg,5
iskkzwcypw.jpg,0
kuduuvmjzg.jpg,2
wfgtshcxai.jpg,5
ribyxpmvxs.jpg,1
fowfoqqfan.jpg,0
ljjpdihvqb.jpg,5
klpnxiwqem.jpg,2
bfezvcljhf.jpg,5
gcznbvjgpg.jpg,4
ctgsjfjzmh.jpg,2
erpzievvhg.jpg,2
zuxktvflkg.jpg,5
btqqtkezzw.jpg,5
zpqfbkbbzx.jpg,2
mrnhoqkwiq.jpg,3
uyzgeeuyyx.jpg,1
vipujvpyno.jpg,2
yrvbvovjfo.jpg,0
gxcpkvibjm.jpg,3
kdtnbwhuyf.jpg,2
wkavvpvrvn.jpg,3
enljfiffpn.jpg,3
bmzdzteskd.jpg,0
krexkeesqp.jpg,3
udnefjgjpy.jpg,2
fkcfklupla.jpg,2
muloeycglq.jpg,2
trsquamrlf.jpg,3
qqunkgxlkr.jpg,2
ftkqvbbvas.jpg,1
rutqaqwpdd.jpg,5
pavdhsncok.jpg,3
cxkkckhgrs.jpg,5
zolkymwjsp.jpg,5
zdretdunau.jpg,0
egygmgluwi.jpg,2
dutriwvusn.jpg,0
bduiltqhdq.jpg,2
daevbstvop.jpg,2
hobyfzkmvs.jpg,4
yzhwppyyqz.jpg,5
siivuwxjof.jpg,5
rrtgfwpyxs.jpg,3
zaxwyxsznx.jpg,5
tkqkdsoylf.jpg,5
djnjuzxmwh.jpg,1
bsnefcakkn.jpg,4
xldmpqerhm.jpg,1
noipgsnmiu.jpg,1
tuezicmqev.jpg,0
lllmdeauom.jpg,2
rqteiknkhp.jpg,5
ybzbnapavr.jpg,3
nkhnuwniuu.jpg,2
tesxxiichr.jpg,5
ilvupwfftj.jpg,4
jlgboszgbh.jpg,5
nehrlrebjf.jpg,4
iebpsttpub.jpg,3
eihkqqkfji.jpg,4
cpooxfoiqc.jpg,2
zudqxdyfdz.jpg,5
dnhhsbfbqn.jpg,4
ietmchvnuo.jpg,4
xaadrxoycc.jpg,3
lmhvqlmsyc.jpg,3
jhffaqspis.jpg,4
ubdqfkzrjp.jpg,4
xmtolvgkaf.jpg,3
rmgrrdsvyc.jpg,1
yblfcdmara.jpg,5
rufkuiflrp.jpg,2
yokooppplz.jpg,5
ztlskwrvpy.jpg,4
obmscegxnz.jpg,2
rwzbixqmkx.jpg,5
hmebkyfmhn.jpg,3
shxhrhgycx.jpg,5
ktnnuqviqc.jpg,0
djtxksvkex.jpg,5
yusmbpznzi.jpg,3
wgyimyhnqg.jpg,0
lhtvfrxmub.jpg,1
hfknbpzazq.jpg,0
hriatfvlbw.jpg,4
qdnwesagrt.jpg,0
gljquetdgs.jpg,2
oqwiqsdrab.jpg,0
ihokobikyu.jpg,4
jvnhgaoubg.jpg,5
ufpimxicov.jpg,5
ruhgqsursj.jpg,4
pcavepwriw.jpg,5
zgaxxqedkm.jpg,2
ifaksbtwny.jpg,5
hlmiuxxjqo.jpg,2
omkgjtpyta.jpg,1
qqsqzxecyh.jpg,4
homnlsqwwg.jpg,5
vnpksrxjlt.jpg,3
bubxvhhiqj.jpg,5
drignrqygz.jpg,5
omjdknxzqi.jpg,3
shabyvquwe.jpg,2
tyisoxohsx.jpg,0
vifthvzdwh.jpg,2
gklmqascio.jpg,2
mzebnkixfb.jpg,3
eoybbrqejs.jpg,2
ucszdgmfol.jpg,5
arznbbxhtw.jpg,3
fqhqzgpfnk.jpg,1
tlhpeonpxi.jpg,1
hgursxbwyw.jpg,4
idechdijry.jpg,3
xwqahjtsxc.jpg,2
ycvfwwaqbk.jpg,5
necdldhpvo.jpg,4
ouliiveprd.jpg,0
czgxkzlvfj.jpg,2
yomudtwnzn.jpg,3
gvslrasnce.jpg,3
rxctkavmwm.jpg,5
vqpdbosoux.jpg,1
jpdoksdxql.jpg,0
loqduwzudm.jpg,5
vktygjdvdm.jpg,5
tszlrsujkj.jpg,3
lzztlhirme.jpg,1
awikyliile.jpg,5
tzsmbmeyct.jpg,2
cdieswhbxv.jpg,4
lzhrlezynm.jpg,5
ovxsiocgrs.jpg,5
qurknxymdc.jpg,2
yhfmetnxbq.jpg,5
dwxttcjjoi.jpg,2
bdzuineuxj.jpg,1
iqodavppja.jpg,5
trwjqhnchy.jpg,3
dxlohjtjec.jpg,3
hupapgeeiv.jpg,2
jceyaghrpd.jpg,5
hhkquekzkl.jpg,4
zocoaixliy.jpg,4
iksimsruje.jpg,5
omdavzsxqv.jpg,5
ixujwxkbwu.jpg,4
gnvpvsfvus.jpg,2
wylaxqrswx.jpg,2
vcbkzbtybh.jpg,2
kfqwfrtxsn.jpg,2
afbskdyxkp.jpg,2
hjtutttxds.jpg,5
ztnrkylnve.jpg,2
oqufarqclf.jpg,5
kagorxxhpt.jpg,5
tjsfphjmpr.jpg,2
mtqcppollv.jpg,2
ocrmuuqvxr.jpg,4
aesmnssran.jpg,4
fgwurhttaq.jpg,3
bswdjtants.jpg,2
iplrddfmlo.jpg,5
xgbkoxotcy.jpg,5
vngdvhalxe.jpg,0
qastumsula.jpg,2
hkihtzjptt.jpg,2
zlwslebdpf.jpg,3
vqeehtujnf.jpg,2
sfebnxglwf.jpg,3
qsfhzslraz.jpg,5
ppexzaqxyf.jpg,4
onupofzgcm.jpg,1
ipjqrkcjfs.jpg,2
savmfmonmm.jpg,2
xgmdttmtwm.jpg,5
snedsejequ.jpg,5
qggxfgjkmb.jpg,5
uahoqevxtb.jpg,4
mityvunpez.jpg,2
ulcvnbbdei.jpg,3
gsxviqdbsq.jpg,5
ndbdzugbom.jpg,5
jabohsxlzm.jpg,0
lkvwggvzoa.jpg,5
nlalvwmozj.jpg,2
dnxxtdbqjd.jpg,2
sxjnyjlsbo.jpg,5
hfhvrbnagv.jpg,2
bntktyluhv.jpg,5
hpmxwuahqp.jpg,2
xiocpmpjxz.jpg,4
hwizyxpurz.jpg,2
wrtwggcifz.jpg,3
iiyagaaqci.jpg,3
emowbcxfqg.jpg,3
speosdlupz.jpg,3
ijvdpvojzd.jpg,1
uumkffpktb.jpg,2
oabvjgncyk.jpg,2
iqcjgnukdl.jpg,2
ywvrwxbfch.jpg,0
dqppczlazy.jpg,3
faozmpsykv.jpg,2
locndsktnh.jpg,0
dioguewgkq.jpg,2
tgnhorlkrs.jpg,5
mpzmphiycc.jpg,3
uditnoebia.jpg,3
rmzqrkdbex.jpg,5
zdlnsevhhf.jpg,3
vtqyzqsokm.jpg,1
jbaybxqjmm.jpg,2
ejoikrappl.jpg,2
haxsaxyrid.jpg,3
avvdfcasqe.jpg,2
kannruwagf.jpg,2
sanbysukfc.jpg,2
mlhdipvicr.jpg,2
qxieaddzve.jpg,5
cshqryygpz.jpg,4
kxqtwxwyyi.jpg,2
byxurwfsjg.jpg,1
gzectlemgx.jpg,3
wxujymyoyk.jpg,3
bbktddoaeu.jpg,2
dzfwdocyof.jpg,0
lmudqbtttg.jpg,2
ssogprykty.jpg,2
xwilsygpfb.jpg,2
eolsweomba.jpg,2
ryretzuezv.jpg,5
onemaqzbge.jpg,4
fnqbcvgnjq.jpg,4
rlxejkjfux.jpg,5
zrxfqpwpfx.jpg,5
drkjtiherv.jpg,3
picwiyeguv.jpg,4
wfybavjulq.jpg,3
hqyfronnej.jpg,5
cbxqbqvlbw.jpg,5
xyqijsbowk.jpg,3
mtdtxberfv.jpg,2
cbkjvaqefh.jpg,0
vzsyydbvhs.jpg,5
cwzwgcfxcl.jpg,4
belgecdjzi.jpg,3
rqcluqmoye.jpg,2
oaqylvqdmz.jpg,2
mqcvsbunll.jpg,5
pgxtjidbxr.jpg,1
xtdmcvwytm.jpg,1
ilcibmgvzd.jpg,2
hagxkrpqgw.jpg,3
mrtyjufxga.jpg,4
uqlagvnstx.jpg,3
snqczxwtoy.jpg,3
svjlkfflwx.jpg,3
bobviacdxf.jpg,2
tathirzxxk.jpg,5
chahpdrlph.jpg,1
jjigybrpdd.jpg,5
avkqijveuo.jpg,5
iefscqkylj.jpg,2
lnujigrafi.jpg,3
qizduijuoq.jpg,5
rubxcqyoiv.jpg,5
jpdypjgbru.jpg,1
hwsylyzhgn.jpg,2
fdqtuoqcdr.jpg,5
obzmfzzyao.jpg,1
bgxoxptuho.jpg,5
junruessvw.jpg,2
yeybfyabca.jpg,0
prkcsjnbqv.jpg,2
mvutfybrle.jpg,0
ogtwbaoyau.jpg,2
vxffasmblf.jpg,2
ocmycqatdc.jpg,2
dvpcwbrriw.jpg,1
mgwaicmufh.jpg,4
ikhuhdjshm.jpg,2
gdwjfugcab.jpg,5
kygpzngkqs.jpg,4
rfrnnrlnuq.jpg,5
mbahtjcawv.jpg,0
hqwqxyazfq.jpg,5
leelwsuzui.jpg,5
wxusiimrka.jpg,1
fixwdkbtol.jpg,5
jsanrrpeer.jpg,5
pxpqyvchpr.jpg,0
uwronujvke.jpg,4
vyvtqrydiu.jpg,2
plkcpsznyt.jpg,0
edeptriqqx.jpg,5
avuloqnabw.jpg,2
xyemrnmwtj.jpg,4
ohtmshlbkk.jpg,2
vtjharsrij.jpg,3
ehkvpzfhao.jpg,5
tczvizryjp.jpg,5
stjshropll.jpg,5
penblcppjs.jpg,3
injpkwqmhv.jpg,2
tdnnohiwli.jpg,5
cwnmgnwmaz.jpg,5
bkhsastofw.jpg,2
zvlhzdhhtu.jpg,1
kpinyxfuhd.jpg,4
umhxlpksde.jpg,0
kbxlwlmxlh.jpg,5
jluzsothjf.jpg,2
tiqftlcsnz.jpg,3
lpzeiyauld.jpg,5
pwsjlpwgnc.jpg,3
udgtlmsgpl.jpg,4
ndpzlnazox.jpg,3
nrvdtfrhln.jpg,2
zhjdyqhobg.jpg,5
noogtniprs.jpg,0
apvcwrnhvd.jpg,2
kbjylitcma.jpg,4
itacfappfj.jpg,2
hrepozjnci.jpg,0
cqsttmwblm.jpg,3
adiwgtpjpx.jpg,3
kdrnwwqtkt.jpg,4
vtrxoxxljf.jpg,2
algcfululu.jpg,3
gfmmxfjyub.jpg,4
dleznywlgn.jpg,0
jqseinfujh.jpg,3
vyydebdupu.jpg,5
dlgotfusin.jpg,3
gkrnscgtmk.jpg,3
hzofrdtius.jpg,2
dhywctmpjr.jpg,4
kuoeakxkiw.jpg,2
giyawmnutx.jpg,0
nollyhpfkt.jpg,2
wmrvdnsyvt.jpg,1
cvrknfcfxm.jpg,2
npyqixzomd.jpg,3
owrjtvzatd.jpg,2
tgeozgdvbe.jpg,1
sgowuwctxz.jpg,2
lcnjjrmtgq.jpg,0
xaysnmngoh.jpg,0
jugmfdsjvo.jpg,4
gnqlpxqyuo.jpg,3
mjacxjwthj.jpg,3
jgckppkzjd.jpg,2
zabcsvlssd.jpg,0
bbagfmosur.jpg,3
wbubddsdwe.jpg,5
nlqcuzreem.jpg,0
ffxmcabbua.jpg,0
ihamhbzexp.jpg,3
cqirduwydy.jpg,5
abiqwxnjcq.jpg,5
dvcyuigaay.jpg,3
yvlhncufsk.jpg,2
fsnohiizzx.jpg,2
ikofxslvcm.jpg,3
gxjvfjmhue.jpg,3
bgwdnnaymc.jpg,5
nzueuxjtpb.jpg,3
jbbjyyykqu.jpg,2
ehoqbhlkat.jpg,3
gqoeuktbld.jpg,2
hgosuxkyjg.jpg,3
docxujdebj.jpg,2
lkfaoucbjp.jpg,4
rfqszzanff.jpg,4
auxledkrbv.jpg,5
zxdmlpxbri.jpg,3
jqlkgkwhdw.jpg,2
bwqwmagocg.jpg,3
kjmyckfgml.jpg,1
hoawjvlilh.jpg,5
tfgrvwmcti.jpg,3
lmwwozcsvu.jpg,0
gpopxwkayz.jpg,5
ephpfcfzei.jpg,3
xiwymuwjbb.jpg,2
sjmdjzpekw.jpg,2
jqsujwtxqc.jpg,2
bwibfsfevn.jpg,3
wtptjyzhwk.jpg,3
oarwiqhkay.jpg,4
cvxwwpjafz.jpg,2
ukumzkgfdm.jpg,4
udqcpnxium.jpg,2
jmzghxucmr.jpg,5
atkamqosjd.jpg,0
rjtfjojvzw.jpg,3
tmmeuzyney.jpg,2
eqnbwmcuil.jpg,0
lashndunbx.jpg,5
usecwkbhqg.jpg,5
nohjwnajpb.jpg,5
teunacwrcr.jpg,4
pwenippjba.jpg,2
vgvezdwwhh.jpg,4
vgbklgninn.jpg,5
xqdzojdbpc.jpg,4
qtqkqrhoma.jpg,5
bsgowoddeg.jpg,0
nlazcrwglr.jpg,1
bjugzmquaf.jpg,0
tmssnrwfox.jpg,3
ylbbxfgaqf.jpg,5
eoptvxsqkf.jpg,2
rtitlxfpsu.jpg,3
pnqlyhoxsm.jpg,0
ekcuipclur.jpg,1
epxadmgtcc.jpg,3
ojotllfxph.jpg,1
cnrwzkrshn.jpg,2
vfbhewayxs.jpg,4
jddbkwdxge.jpg,3
vdesbgreey.jpg,2
wbdymckffc.jpg,5
atxnmmuokt.jpg,5
mvbyrkhcah.jpg,5
zpqfeaidmp.jpg,2
zyxufsapjq.jpg,2
gksnmdardk.jpg,5
lxxwcyobdc.jpg,0
xwklizxxup.jpg,3
isnaewxbbc.jpg,4
wbgxzthcoi.jpg,1
mvlgtfymrf.jpg,0
iyowipbows.jpg,3
gpdgzfpxrb.jpg,3
ebnvqbegit.jpg,2
ydujtdbxhb.jpg,2
ozelrqvapr.jpg,2
tmljpnacij.jpg,2
ccqtacbkii.jpg,3
wqojirxxov.jpg,2
twcrulefhq.jpg,4
mqxpymjbaw.jpg,0
ywqyrdfnhj.jpg,2
vyjhausaeh.jpg,2
hulzwjxpef.jpg,0
dqsitvlges.jpg,2
ffrskobpty.jpg,2
ysnewntpbd.jpg,3
fxmnlizdfo.jpg,2
bgtwrymhov.jpg,5
npiboamdke.jpg,0
eodatusfbp.jpg,2
cezouoqnat.jpg,2
ifpekyqelp.jpg,3
plcgglmxcr.jpg,2
shuiakuhzo.jpg,5
lvisvvqvfk.jpg,5
vjqxwtqnuh.jpg,2
tjcculaszj.jpg,2
puqizsaukt.jpg,2
dphethpcqu.jpg,0
jcxokrdnnm.jpg,2
jniyauvjuy.jpg,1
lkhpgahhrk.jpg,5
txdwcuwjlp.jpg,4
nwnwgbpskm.jpg,2
fnsekxwblx.jpg,3
rwkpxdvula.jpg,3
ydwubwrjem.jpg,1
yutbhlyuoj.jpg,5
nsfzyecygh.jpg,3
mjohatxxdx.jpg,4
volblvyhdz.jpg,5
gaennksasp.jpg,2
pyqhrkzkem.jpg,0
yvrcbfsxiv.jpg,1
rabezdinkg.jpg,3
hjlxzldgen.jpg,3
tsrvkfvkfr.jpg,3
nfnaxnozgf.jpg,5
qhabgzyeoj.jpg,2
hkplwxtmmn.jpg,2
qbezvianqv.jpg,3
lgqbbkayor.jpg,2
javniurmoh.jpg,5
tkfuqiyaey.jpg,3
jhpkxqhcsf.jpg,2
ygxtehkkav.jpg,5
haomycqoaj.jpg,1
ngqngkvbde.jpg,2
wvwodnozqt.jpg,2
fhoxdulwxp.jpg,2
hfqsmiomzu.jpg,2
clsqwrdcmp.jpg,5
nbwkbhayne.jpg,5
pcwpojarxx.jpg,4
epwlrwgjwf.jpg,2
wnmqneltbs.jpg,5
hhyvvqhymk.jpg,3
hsqvyrczje.jpg,5
sxylynxjmy.jpg,2
oepakrgydm.jpg,5
fnkzkgrxyc.jpg,4
usqkrufsax.jpg,5
fcjpqrklcb.jpg,3
mkcxovvvoh.jpg,5
ygupugcmlt.jpg,5
gctdrajvid.jpg,4
lbsuysdbcj.jpg,0
sdhlzaoerx.jpg,0
zpysvubidx.jpg,1
zckhirdsex.jpg,5
bybwrotknj.jpg,5
mvplaidiok.jpg,2
xiodcurscm.jpg,0
sgqnlcpwso.jpg,5
gjsvlhdfxn.jpg,3
uokmfkmicm.jpg,5
ydrbnhzbnm.jpg,3
umgfljoero.jpg,1
dhlcylqxds.jpg,2
xrecruzzao.jpg,3
wmdobjktmi.jpg,2
tzifljbthh.jpg,1
guaqbwbjab.jpg,3
fvbskncpbx.jpg,0
xcqfirsrnx.jpg,0
hbucrrclcp.jpg,0
cvdtnfvhib.jpg,5
pivckyoyxu.jpg,2
amaxxtyarv.jpg,2
hoedleipsn.jpg,4
iatcyxslpa.jpg,5
erjugjuqsu.jpg,3
jsdnpmdbrm.jpg,3
mndvvkyjmy.jpg,1
jpiafgzyjf.jpg,5
fnwdlvvxqd.jpg,3
bjrtuyclyt.jpg,2
cyssiysrmx.jpg,5
uruijdfmhj.jpg,2
tluoxkceul.jpg,0
zihthhfmqy.jpg,2
fckgxngqvo.jpg,3
zyvrjrbirl.jpg,3
cwnwdllkbg.jpg,2
arjkgzvzof.jpg,0
ledlxhtblt.jpg,5
gmkfebhxmv.jpg,5
jvruhujmyr.jpg,5
txabfegkfd.jpg,5
kuzqzctkay.jpg,5
gzrowvenxd.jpg,4
vsepjrymwt.jpg,2
xedzwtccib.jpg,0
fpiglkketo.jpg,5
tyyzuvugtk.jpg,4
pcedepvxhy.jpg,5
uuqmtjoovi.jpg,3
zconwhjjhl.jpg,0
xlsperadpk.jpg,2
yavkripnyw.jpg,2
mshjpkqtzg.jpg,0
zvzlhavpvz.jpg,3
uqhqsediim.jpg,0
oxqgwasdbl.jpg,1
gutakzunhy.jpg,5
gfxyuamklx.jpg,5
yktfqkbisz.jpg,5
hjgwhmwqto.jpg,2
bjqncucqmk.jpg,0
gqprxwcgfh.jpg,0
nyapzrjscr.jpg,0
fpjkthcqkc.jpg,0
igykypshma.jpg,5
mbndhswgup.jpg,3
wwskdjybmk.jpg,5
myixpnnwjb.jpg,4
bnnpcnjfjg.jpg,2
yegyzrtvem.jpg,2
opzjxsubge.jpg,5
ovyfypvpmn.jpg,4
arjiyxkwyw.jpg,5
tpkmkhqqgc.jpg,2
ctqditynls.jpg,3
qlraeyyfsc.jpg,2
sprtojkefn.jpg,2
hhuyptvdgf.jpg,1
oqhlydaivi.jpg,4
syoocjpvsr.jpg,4
xainowofsu.jpg,2
tjgtvptffb.jpg,2
opyzqbuxme.jpg,1
vvutykgqfu.jpg,2
nftcyrhmya.jpg,5
oqgtdzfacf.jpg,4
wvnyppbmth.jpg,3
iacklmbaws.jpg,2
gnezsqbahk.jpg,2
yeogtexyzk.jpg,3
xgvhmizlkg.jpg,4
yarlvievzv.jpg,2
rrqyvlcnkk.jpg,3
uhklvvxtob.jpg,2
csmktymotx.jpg,5
ipcrwnigfk.jpg,5
glgqwqdphb.jpg,5
fpoprrwngt.jpg,5
gpifkhzjhq.jpg,2
isqbmaccbf.jpg,5
qlpsayqdsh.jpg,2
bcpzbunkze.jpg,4
etwfslulxj.jpg,2
grbqwtffez.jpg,0
dsvzwhjoyr.jpg,1
lbiwzorrjv.jpg,2
rqscpnakcp.jpg,3
movzgkzkjf.jpg,2
preeglrsht.jpg,5
rnypwmvngi.jpg,2
tkivwuxdfw.jpg,2
qthskxkitw.jpg,3
ppoauhshdb.jpg,4
xxacakxnhc.jpg,2
kysmwjatis.jpg,3
zynwjabxxt.jpg,3
bskrsywubu.jpg,4
libdxkclbl.jpg,4
bqsimdyodz.jpg,1
tdmytmaydw.jpg,2
iugxfhyjxj.jpg,5
vptxphnmyh.jpg,3
wqjijcgfxw.jpg,0
evzgqqcfnw.jpg,3
ncnokxkaic.jpg,1
igoeaayvcx.jpg,3
xjszmzrakd.jpg,5
aobrgqniml.jpg,5
polqazkslr.jpg,5
lrghorjegu.jpg,5
haivzlioog.jpg,5
ykdozlehrp.jpg,2
ebakyiqoge.jpg,5
iukzdhqvjg.jpg,0
pumootzgry.jpg,2
xzrvvwubhq.jpg,5
fvpqzgczaa.jpg,3
ykmakyllrp.jpg,4
axrqzjpinn.jpg,1
vaojjerrae.jpg,1
eqhxkzjuqa.jpg,5
kfmabvhjdf.jpg,5
msbkkrkpit.jpg,5
xkqbrglguf.jpg,5
mvbhkxhpxc.jpg,5
uxfzugggoe.jpg,4
uvqbafosku.jpg,5
jcrhouozrl.jpg,0
btznebwlzf.jpg,3
mpcmohsrsk.jpg,4
hfukxoebcx.jpg,4
bldlerzevo.jpg,1
lpybqbjoyl.jpg,5
pivlbxrmll.jpg,4
lkzrqzewmt.jpg,0
gtqbptfxin.jpg,0
lxehjjjdny.jpg,3
ryfxbfvocw.jpg,0
uvuejbtgki.jpg,2
rgkdpuldfo.jpg,1
bfsaacovhz.jpg,5
tupyxpogow.jpg,2
nnhszhrque.jpg,3
wbvnwmitjo.jpg,0
xwyquptetg.jpg,1
sbhouaxjfj.jpg,3
onjslbtfvh.jpg,3
emdffazavc.jpg,0
odnbsvodck.jpg,1
csecbeeupt.jpg,2
uiduqlexxe.jpg,4
doghawnnwe.jpg,2
ejbbiczlyw.jpg,2
ifphzdkfxq.jpg,5
asxajolikh.jpg,3
juibpdsmsn.jpg,0
quaiafrnze.jpg,5
xjwnvvmmob.jpg,2
tumvcayghq.jpg,2
wuzntgdyqd.jpg,2
kbirnabqon.jpg,2
bgmwflfyve.jpg,5
zwdxyajisw.jpg,3
vldzkitkeo.jpg,4
ymfjejvtyx.jpg,3
lvrzlsmoco.jpg,5
vmrnbseshe.jpg,2
flhrcipaqr.jpg,3
tiyufnbyip.jpg,0
ylvgfiaxag.jpg,4
egtiljgqrp.jpg,5
phgjvtjaip.jpg,2
xojsmhvnir.jpg,4
saxfiiptpt.jpg,2
zmljyspjrb.jpg,5
pbngkhljol.jpg,2
fsyqfdlhpo.jpg,3
eqvvqwgrkw.jpg,2
hnpeznvych.jpg,0
ycvsczavbo.jpg,5
sijyyhgjqc.jpg,0
xhqxtnittr.jpg,2
bxdskfhmjg.jpg,3
tjxwhuxgqq.jpg,2
bhhjaynvew.jpg,0
ifjldyavsx.jpg,4
elpwfuryta.jpg,1
icszxvksws.jpg,1
ndeyuzlhsp.jpg,2
tloolddmsl.jpg,5
rxrfqambke.jpg,5
wotgzfvspb.jpg,5
rdcsvekpbv.jpg,2
viczxqqdpk.jpg,2
ngnfroorvf.jpg,4
khgreemksv.jpg,3
wjubxnyosl.jpg,4
nwmrpxteqf.jpg,3
octihllwuf.jpg,4
mmlmfznyqk.jpg,4
nyijlbjizd.jpg,2
fbozjzrrpd.jpg,4
xathtdmtax.jpg,2
lqkrcbmxyh.jpg,2
yrkhllqpeo.jpg,1
fisonmecuq.jpg,2
mdvcjelcea.jpg,5
ytpebrlopo.jpg,2
qqrwnlxgbd.jpg,2
ukymqhzfmo.jpg,5
pnnatknaht.jpg,3
exbqdmrugw.jpg,1
evxmfjyzcs.jpg,1
puprlbsgpd.jpg,5
asjnbxvxje.jpg,5
xobbznlszu.jpg,3
rraqinnhtl.jpg,3
oeykazlpqe.jpg,2
lhlxlvyici.jpg,5
hxycgxitki.jpg,4
dqnqjgzhiu.jpg,2
enkttrkoqv.jpg,0
hdsjvdhlmw.jpg,5
vipxnqaoak.jpg,5
zzawddkfrg.jpg,0
aopiimznxo.jpg,5
tytuhtbfjo.jpg,5
hwrmlnqlwe.jpg,5
vufrqkvibj.jpg,2
nvlgxasuaf.jpg,2
mmhmjgdcld.jpg,5
piurhmgtpc.jpg,2
wlzxqrpzxp.jpg,3
sesmtozxli.jpg,3
cdjldbwveg.jpg,0
gebvxkputf.jpg,4
pyhowefogi.jpg,3
oppckpvgkq.jpg,2
pwpghswxqv.jpg,2
krrkqdbbzx.jpg,5
onyuvrdbth.jpg,2
kdfxmiqgia.jpg,5
goawqhuieu.jpg,3
ocnyeeiise.jpg,0
yyajgyhnoj.jpg,5
lifzaklyna.jpg,4
lczujyvucv.jpg,5
ajbjvhubtn.jpg,5
xjuegthrtq.jpg,4
xrcopmyfgx.jpg,3
dawbqqxheo.jpg,5
udzccretyy.jpg,4
bietsjlvuz.jpg,3
qdttftzdsb.jpg,1
ukhwhsarzi.jpg,2
hdjihoqjpp.jpg,5
gwllhlhrpz.jpg,4
urzfpblbnf.jpg,4
fxbeagrhae.jpg,0
jjfinlleyf.jpg,2
gldioqhbkv.jpg,2
hbxzvgoafw.jpg,2
lpjinjpuvk.jpg,0
wsrzpweuva.jpg,2
posnkjpgpc.jpg,2
ykaaezvqxg.jpg,5
smwxvpofyp.jpg,3
jeabahrjkg.jpg,2
txwlubmbya.jpg,4
twlrgehsfj.jpg,2
ilnbxipson.jpg,3
kgudcgjlhx.jpg,5
zcrrtuliis.jpg,2
cadoewxgvp.jpg,5
qjhnlbxqks.jpg,4
ympjopvsjk.jpg,4
dyexjtvkmh.jpg,5
wzsqmzuefk.jpg,2
ifrlemwlpg.jpg,3
rsnutelluv.jpg,5
isooljdfaf.jpg,5
wirzvbtxaj.jpg,4
osqrnsyenv.jpg,3
mbitfiuyqk.jpg,5
gxvrevfyjp.jpg,3
qtwtntzwcl.jpg,0
bqnnbymuhc.jpg,5
lyakgkwdrx.jpg,2
ltxihnrats.jpg,0
bdkgsfxorn.jpg,2
iapstpikyd.jpg,0
iwzqrfkshw.jpg,3
ycbhbvoadz.jpg,3
vjgbjglzvt.jpg,3
lgyokqaxbr.jpg,5
bfsndfyaye.jpg,3
gqxswueqca.jpg,4
inlmlbcpgh.jpg,5
tjmaapfmgp.jpg,4
bvsvywtprm.jpg,5
bfxurxjbss.jpg,4
lpmqfrunwb.jpg,5
tuhbznfxrn.jpg,3
zpwvcbhlve.jpg,0
cuyqlmxlow.jpg,5
vkurqbbdrp.jpg,5
ihivjnwzem.jpg,0
ditlwhejkr.jpg,2
xqjbbhbtcj.jpg,4
pduninacfr.jpg,3
rjqqyvklbn.jpg,3
eslaslujtn.jpg,3
zbhwxfbjbk.jpg,3
hwozqosfut.jpg,2
oenorpjhet.jpg,2
fkweecwaqg.jpg,2
kpvxuzsbht.jpg,5
dgxfppturf.jpg,3
urpxuhwnud.jpg,0
znfgiudbnj.jpg,2
swpxudqhie.jpg,5
knwqipkhja.jpg,0
mayquzrctt.jpg,2
ggzbcsjpqs.jpg,2
eolunkftak.jpg,2
ivwpnedzdm.jpg,0
dgqslrudfv.jpg,2
mteuyedjef.jpg,3
vhjupradhe.jpg,5
oqoeijqnsz.jpg,1
xrgdxwliuz.jpg,5
bptprzlnzz.jpg,3
cfcnzmiiwt.jpg,2
jguvfvflti.jpg,5
ovmjwudbup.jpg,4
tbqutccvoc.jpg,3
iatuextvce.jpg,1
gwwbimlxab.jpg,0
tnnarwdyaz.jpg,3
kmujmrqewn.jpg,4
okacfopyfj.jpg,2
sqombziojo.jpg,3
wrwljyeatk.jpg,4
kcdmjthgsw.jpg,4
sgbgzxmqer.jpg,2
pxuhowyqde.jpg,2
ltxwsorfqk.jpg,3
wamrahuepw.jpg,1
ecjxyyqqew.jpg,5
gxbgruipvz.jpg,2
melijokcuk.jpg,2
uqbcmcsqyt.jpg,2
rvrtzwftua.jpg,2
eptesjeako.jpg,3
thavzsmxif.jpg,5
dttwutpbxy.jpg,0
ifjinnknhf.jpg,2
dfkrgosuyt.jpg,3
mdcvcqbuov.jpg,4
ubyjvpflgu.jpg,1
nvnrrfocqh.jpg,2
enxwslsogk.jpg,2
hqiqxlcybg.jpg,1
mzqhtbqrac.jpg,2
adjxihkrds.jpg,2
hrdlmqwuiz.jpg,5
txzuvjosrx.jpg,3
rpolycvarz.jpg,3
bkaohrufiu.jpg,0
soibdwqige.jpg,1
sgdnngddtc.jpg,0
dyszsqqjtq.jpg,5
cnlmvfnzvr.jpg,0
acfbhkjkhi.jpg,3
mufszpbvmp.jpg,3
cpitbdgqtj.jpg,4
ghgrfklfcv.jpg,5
usqugcipzo.jpg,2
uxwhmzjrbc.jpg,2
kkitxycxfw.jpg,0
ntvrboauss.jpg,3
eijsfvtjgw.jpg,0
ooatoxoijw.jpg,5
lwgajrqcey.jpg,2
meyxozlyan.jpg,1
ucdkuvviql.jpg,3
vdqdwmpyqp.jpg,5
valphyitog.jpg,0
tjjygiedby.jpg,4
nfjjgdpspz.jpg,4
obfouuuehk.jpg,4
bwhbwxbggy.jpg,4
ileskfkyzn.jpg,4
bitqamoqsh.jpg,4
untezuysrm.jpg,1
vnyrvwzegq.jpg,2
gaaanxkgxh.jpg,4
qgoozurfat.jpg,0
pdkkoqnjwa.jpg,5
wknbetbeqk.jpg,2
mxfukvvbtg.jpg,2
bcrxcbqvzy.jpg,0
drjfiamxpq.jpg,2
uimilnritr.jpg,1
wzbifkilrl.jpg,0
bdpatrzcuc.jpg,1
gblvwpegod.jpg,0
tyhrketrtm.jpg,3
hgamhpdsjk.jpg,2
fvgkxgejth.jpg,1
fqnmzjetid.jpg,2
yjqsdmbjdf.jpg,2
qvjyumuamy.jpg,0
dfqrvzepkh.jpg,2
txvpypsieo.jpg,5
pnavcbrwbb.jpg,2
rbahgtyqjg.jpg,3
nxehxkqohg.jpg,3
dnplazllqi.jpg,2
wghmnwobgs.jpg,2
bzsvceusai.jpg,4
fncbdemuem.jpg,4
heqpxstpim.jpg,3
yxwfhbjadj.jpg,2
ohgvczoblg.jpg,0
xmbtfbsojv.jpg,5
jippluhuxf.jpg,0
hfepgceyqh.jpg,3
vagaruovzj.jpg,0
jwdentoqfs.jpg,1
oeiwgkzxhl.jpg,3
xinqurwclu.jpg,5
cuotsliyeh.jpg,0
ahwjcvpyuz.jpg,2
nktvdpoiwp.jpg,5
nbevyfryjk.jpg,3
parkfezcsf.jpg,5
reitcwtoql.jpg,2
smzlsvdpqh.jpg,4
uqfwupixev.jpg,3
ozjdkgrzkh.jpg,5
ihtsjyhpdo.jpg,3
jjaehrmksv.jpg,5
sustnyzsxc.jpg,1
mdshhjekju.jpg,0
ltrxtkxmww.jpg,2
ebznkstcvt.jpg,2
vqrmohnfim.jpg,2
ogmczitpxk.jpg,1
cbynpnjlnu.jpg,5
gztqgyfslz.jpg,4
nxalauidmh.jpg,2
nycwwsyqsn.jpg,3
wfmgwufjcf.jpg,5
oxmfpejoao.jpg,4
pepraazilh.jpg,5
nblmcrrvmb.jpg,2
hfsxojymfw.jpg,4
ndelciibms.jpg,1
xmshjorpph.jpg,2
zcfkqsdkwx.jpg,3
uowndjxwdf.jpg,5
lyjfyezzpd.jpg,3
cykcxxecev.jpg,5
mtbenfyqlj.jpg,1
pbupkriuni.jpg,1
ezenkrrrnt.jpg,2
iodhfetftq.jpg,2
pocyfuycsx.jpg,3
txogkwyojy.jpg,5
wpswnrzsgk.jpg,4
tovgjfvgoj.jpg,2
hpfhrialvl.jpg,1
gvfrsocbjd.jpg,4
mwtrwsxykk.jpg,2
dxfpcrekkb.jpg,4
hmiwxabgzq.jpg,0
gtiggxbbpt.jpg,3
iljnathgvx.jpg,0
wrrmxzksit.jpg,3
vilfsjrlmi.jpg,3
rrjdnozwbr.jpg,5
rgwhhhzrer.jpg,2
psqkidotzy.jpg,5
ubqracediq.jpg,5
yqnzfpakrf.jpg,2
ynchoonetx.jpg,2
nntexiwfev.jpg,2
nzsdalgbks.jpg,3
rvxjcvzsad.jpg,5
fgkjrsiplb.jpg,5
rythljrdfy.jpg,4
nrgqwphseu.jpg,2
fwllqixfxg.jpg,2
wpjjnbkgwk.jpg,5
qrhnzxccvu.jpg,5
kriidhclrp.jpg,4
ceykvpioiy.jpg,5
ohyiuurscg.jpg,2
dckucacxjw.jpg,0
vwgewcfpkg.jpg,2
yzdciuonin.jpg,3
kjwirxfcvb.jpg,3
nhiitknafo.jpg,2
jclpddpwxb.jpg,2
prgtcxtyls.jpg,5
lzomnbqclc.jpg,3
afdzhbhdur.jpg,3
jeazgsdnig.jpg,2
rzjyqcwhay.jpg,0
leamlpjduq.jpg,3
ywfphwgyqw.jpg,5
sbtmqthntg.jpg,4
tgbihatmpg.jpg,4
fobeubgeyz.jpg,5
gjqnccrshs.jpg,5
mxdhcacdye.jpg,5
cvbleljymc.jpg,3
meqmgfbkxx.jpg,2
alvuywqhbv.jpg,5
vvejufmzsr.jpg,2
wctmbqwars.jpg,3
srcxuchlnl.jpg,2
hyeibkfuwq.jpg,5
wdtpguzklp.jpg,2
nffqimfceg.jpg,4
mgfsdsybpr.jpg,3
aosaoauovr.jpg,0
kwxuyyfhni.jpg,5
wsyttuatqp.jpg,5
ruvhgjedsf.jpg,2
agtkqvuulu.jpg,3
qvwaqdvgns.jpg,5
cpttdwuevf.jpg,3
aliziwwcxk.jpg,0
szbypotpfc.jpg,2
sczpluarks.jpg,5
wsameuinsh.jpg,3
zoqfejwefr.jpg,4
lriwzcmoqk.jpg,3
gxhsxvjtis.jpg,2
jkjmvkzxay.jpg,3
xrzxgleafg.jpg,2
cpdgnccses.jpg,2
bkqozlkrsu.jpg,5
yloyfmfrlh.jpg,2
lfsuarxqen.jpg,2
cexsavzxfz.jpg,5
xitjoiplpx.jpg,3
pejdqphzrx.jpg,5
lpbuxajusb.jpg,5
nzhqknxsxu.jpg,2
htubfrxssw.jpg,0
hheetcaahu.jpg,2
jahugvnvnj.jpg,3
ivoaaqpiuk.jpg,3
vupmguluiv.jpg,2
pzhpbjcwbe.jpg,3
nsucxvzxrk.jpg,2
vcovsezkrx.jpg,0
vqzyyarqst.jpg,5
zzyxcappgg.jpg,3
ngrvdqjzpk.jpg,3
plpwjjctlj.jpg,3
subuvywrno.jpg,0
pohgisrwkr.jpg,0
odxdxrbtmf.jpg,1
mmukxkczyb.jpg,4
upyjcxywwn.jpg,2
knxuuhhwzb.jpg,3
gvmdlnveeu.jpg,0
mettqypadx.jpg,4
xzeqddoefy.jpg,4
tjfthvsdwu.jpg,2
ktmwznmsdb.jpg,5
jrtourteko.jpg,5
abuzsdgfxe.jpg,0
hgmcvyrrrg.jpg,0
ppiivjonka.jpg,5
etmnecnvck.jpg,5
pthyiuptgu.jpg,0
wisjcinjth.jpg,2
kpqilvzxxs.jpg,5
yhbjnbitzq.jpg,2
qawmmgvkid.jpg,0
sdutkawvwg.jpg,2
svislyfows.jpg,4
jnujjiplmp.jpg,5
uvzztupnql.jpg,4
qrbevzildr.jpg,2
kknnpbmwkr.jpg,2
pdqmzhxbfa.jpg,2
ejyeuzgnzs.jpg,4
dpuwhkkzcg.jpg,3
pchxvkfrbb.jpg,2
wfsvakklbx.jpg,0
kbygrapcvk.jpg,3
kuahqqrekd.jpg,3
wuploblnaz.jpg,2
jborrlhath.jpg,4
txkehnwbma.jpg,5
fviexsblsj.jpg,2
nytsmzbdbi.jpg,5
rmmmmmmphr.jpg,5
rooucwufug.jpg,5
ahdaboavuv.jpg,5
twqqvdpxbh.jpg,3
qfcjhytssz.jpg,5
ntmlcamefv.jpg,2
yxqjexczkv.jpg,4
tklmbuwlph.jpg,5
qzxfbfvpjm.jpg,5
htwumvhuqr.jpg,3
mpgucipmrr.jpg,5
zgtvxuqwim.jpg,1
bfpwigveti.jpg,1
zrrrcheyio.jpg,2
uusxaegawm.jpg,2
xuwkldozmo.jpg,5
sbrlecrvig.jpg,0
kpskxfxwsg.jpg,3
mvlsevikvz.jpg,3
xbjqhrlryk.jpg,2
cfgnlbtyff.jpg,3
detqxbsocc.jpg,2
neeozdcjpo.jpg,2
isnebxsowx.jpg,2
jxmcmzoqan.jpg,4
eorpkbwxxn.jpg,5
eonvvkylkw.jpg,2
bsxqciiyus.jpg,5
labssdaesy.jpg,2
pfblyobgpw.jpg,5
znwyghhfgv.jpg,3
jvyclfzsup.jpg,3
tmkkaucztv.jpg,2
oofdbvpfzg.jpg,3
jystbfadps.jpg,2
mkuersbonc.jpg,5
livbgamtja.jpg,4
ehroizpojc.jpg,1
dxgyqklzll.jpg,3
lzojbdfkkw.jpg,0
dgrdsxepnf.jpg,2
moaphmpick.jpg,3
voknylzczi.jpg,3
raecliuznf.jpg,3
fhjdjkftfi.jpg,5
gsupfqjxjx.jpg,2
kliuswynub.jpg,0
leygvmacga.jpg,3
rbanzodwyi.jpg,0
oejepzhzyp.jpg,5
pzfvhavdzk.jpg,0
rsvuoovxnq.jpg,3
kfwatjmsyh.jpg,0
zuugdlauan.jpg,3
cfxpfehreu.jpg,2
duvzyfwpzh.jpg,2
qpamflxfhl.jpg,4
uxttngupcq.jpg,3
fcazetovdo.jpg,5
onugenodqy.jpg,5
ivhrthebun.jpg,2
jpkwcozrnl.jpg,5
vwcbeskpuo.jpg,4
cgnjowimjg.jpg,3
jwnltncxfn.jpg,5
vygynnpiag.jpg,3
qhlvjzbywe.jpg,4
pumcbaornd.jpg,5
ybdhvjcjua.jpg,3
acuenosiro.jpg,3
kbdrenznyz.jpg,3
medalrjghh.jpg,3
acpfttwydz.jpg,0
acaztdjkaa.jpg,2
matuzswals.jpg,2
gfeatbbnam.jpg,3
wuttgmyfoe.jpg,0
adnvrhiayb.jpg,2
pcitdzppps.jpg,5
lbrsvsawvq.jpg,2
egkshraxdm.jpg,3
lbpmzcgqzl.jpg,3
vrqzleosya.jpg,1
ojjfgqojxh.jpg,4
wzbavtnrzk.jpg,3
qlejrbgsmx.jpg,5
nihvhncopv.jpg,3
nzopjnkfgm.jpg,0
nesajnkuyy.jpg,5
symkabxlbz.jpg,1
obqwnvdqtq.jpg,3
rleikxswmt.jpg,3
ocrjtsqqlc.jpg,5
rnqszkloyf.jpg,5
vcdoiafjox.jpg,1
jletvzizkv.jpg,5
spfepeftbe.jpg,5
snvdcgfcvi.jpg,2
xvtqkezokx.jpg,5
hibuzpnsxo.jpg,5
hnmctzzngx.jpg,3
kmkgzvwesb.jpg,5
wdakobdxkc.jpg,2
qofgoinjhd.jpg,1
vgnnzhrhuo.jpg,3
gigtdikbnd.jpg,5
iezafjmezr.jpg,2
yfdlhgykuo.jpg,3
tlgdvslamv.jpg,3
bdwtugszbi.jpg,3
mjofppltdi.jpg,5
vdciinrrpr.jpg,5
exnipunjne.jpg,4
wmptgffxgk.jpg,0
rcqqourdhm.jpg,0
pluayryuqv.jpg,3
lnhccwfdeg.jpg,3
rpzovwzgtr.jpg,5
ivhpizpwrn.jpg,3
bocmrsntkd.jpg,2
jpzzwdvsvl.jpg,2
bjvvawzjqu.jpg,5
uhjcntzpzt.jpg,2
nygmtxlaqm.jpg,3
bxoowmixmv.jpg,2
wiarckopyl.jpg,4
wzzkvjmjpr.jpg,0
khghalrurm.jpg,5
etpvnmjgvr.jpg,5
pfkdrlhckc.jpg,2
rwcdobbjev.jpg,2
pykstcilrp.jpg,2
oqzgppelth.jpg,2
wqmdqbibbf.jpg,2
geeflparzr.jpg,2
waydruvytm.jpg,4
xtoprheqgj.jpg,2
vuzsqktuas.jpg,5
nnvetakcly.jpg,3
wuerhxmkef.jpg,2
apqnjhkrpi.jpg,3
llpyeieswl.jpg,2
rncpmknswi.jpg,0
jflbfgmgda.jpg,2
mihbaiufjl.jpg,1
eqepcwqoas.jpg,5
ijigzxpqnm.jpg,2
uyfknmibyt.jpg,5
raawejaffc.jpg,2
czgalvspgs.jpg,2
ygxogpoylb.jpg,3
ubxxtjrcom.jpg,5
kmbkytvgcv.jpg,2
bdsgluqqzr.jpg,2
ebiiwdyxky.jpg,1
loprlajspf.jpg,0
mvuuplgajj.jpg,2
lodlnjplbr.jpg,5
uznhmwlnce.jpg,2
xnnljnmpzw.jpg,4
naobsaevls.jpg,2
hylasabevj.jpg,3
ogryaqybnl.jpg,5
rfffvjbmcy.jpg,0
hgkinvfzup.jpg,2
hpslrpdqkj.jpg,0
ubnbbgfftq.jpg,2
gjvayirahe.jpg,0
tpfgideegu.jpg,0
bkaahlfvuj.jpg,3
ecraxzzmek.jpg,4
uclrcsaowk.jpg,2
fhecuurnbz.jpg,2
gfbnybjile.jpg,3
fsntkymmty.jpg,3
rwngogtwyi.jpg,5
qblnoiuccs.jpg,2
kvknagbvms.jpg,4
ucligohgre.jpg,3
zhzrhccgdb.jpg,0
dbgmxmwcwf.jpg,3
wedcinktxh.jpg,0
onvlvavtvl.jpg,3
racupkewhd.jpg,4
pjywwapwkh.jpg,0
gtgwlvnusc.jpg,5
wugjyxrvhv.jpg,4
mnffojlbxj.jpg,0
fmtladjbaz.jpg,2
ewzuoumwlz.jpg,3
hkicwewraa.jpg,2
zyznploulk.jpg,4
yqxveogaud.jpg,2
ztjsayokii.jpg,2
uxflsigwvm.jpg,2
kkigxzuoif.jpg,5
njhepdcqyd.jpg,0
ddqdaxdpkv.jpg,3
mcyctfnyfp.jpg,2
prpvhhahst.jpg,4
fmaqtofbil.jpg,3
laerzxeynt.jpg,5
pwkzgscswg.jpg,5
xqbrgqkwbh.jpg,0
ldlboqsmud.jpg,0
lfdscxrfmq.jpg,3
wavrqknfig.jpg,3
kpadlnldje.jpg,2
faxkqrblzi.jpg,2
xabpmmrsdy.jpg,0
racgeozvqv.jpg,5
kidmwyxqov.jpg,4
jhrnkzhway.jpg,2
vdxsnewrzi.jpg,0
kseuvwcfhs.jpg,2
ccdptjtffh.jpg,3
turrsgxlrz.jpg,5
dkdruodofj.jpg,2
tqkqotpqsm.jpg,0
mavcrbndfb.jpg,4
xnkllnwcyu.jpg,2
qwcutmzsox.jpg,3
joyxjmzpru.jpg,4
amlgwamegv.jpg,2
jwqrtzvvoc.jpg,5
pcporxcvqv.jpg,3
nwypgjnmgr.jpg,2
pvuhgsbndd.jpg,4
kfbtpluwvi.jpg,0
zjdgoxjghq.jpg,4
sdwyrbfdxa.jpg,2
afijbnzwjb.jpg,3
mfxelvievx.jpg,3
acwtjflbau.jpg,4
jftyslhuxb.jpg,3
mnefyhnxdy.jpg,2
tpcktgdsze.jpg,4
vzffpbizad.jpg,2
bbxeynbtfz.jpg,2
vxehsnryrf.jpg,5
zrcxjdzvjr.jpg,5
kmkqbljlzm.jpg,3
mpbnyraajj.jpg,5
oesavxslyw.jpg,2
ricqmphcgt.jpg,3
wwiorixger.jpg,3
iibmhnbldq.jpg,0
jwzulgdrhz.jpg,4
jakiufjoqd.jpg,1
ypxpknesww.jpg,2
cfwbqygaip.jpg,1
rxqhqybrnm.jpg,5
zlluwhlbwx.jpg,5
zsvzqklxie.jpg,3
cieertsgkz.jpg,0
tttgjfotfd.jpg,5
snpucdiyrz.jpg,2
ggsovroqlt.jpg,3
qruruzrwkj.jpg,5
olbfjjwpcz.jpg,5
msaugzxxkt.jpg,3
chphswddiu.jpg,5
qwmnglrqkc.jpg,3
ngvrozztgn.jpg,2
jpovpdmyro.jpg,3
rnpyulmoqs.jpg,0
erkvsohylc.jpg,3
jyzeebjske.jpg,2
swzwxdybhv.jpg,4
rtkidzvqnm.jpg,4
jfcqbuieqi.jpg,5
qabmnygzsy.jpg,2
ebpgjmuooj.jpg,2
woarauvekr.jpg,2
kvaxjnxozg.jpg,3
jfynmhzymd.jpg,2
ojdftegvch.jpg,0
fpldlyvbfz.jpg,2
uhhmzgnzhv.jpg,5
sngitxadim.jpg,4
tlanaidpzi.jpg,3
keywvteaux.jpg,2
yolyuzowvx.jpg,2
lxodxrhlai.jpg,5
lonkdryhac.jpg,0
dnnyxaflel.jpg,5
yqdussuknc.jpg,5
dmjduvmynk.jpg,3
kzfcokntey.jpg,2
xgubhkwzxp.jpg,5
amndqvxxee.jpg,2
gbxcqicbfa.jpg,2
dmtdinaukb.jpg,3
aosxcerbbg.jpg,2
lqkyswhxoq.jpg,3
txmlvzcamj.jpg,3
gvnmuthpqs.jpg,5
lnqpnicpzh.jpg,2
cnrtttihze.jpg,2
yjpxxxlmad.jpg,2
sbsjbhcley.jpg,2
rdvzfdhajf.jpg,5
mvnojvhqfb.jpg,2
mqthynnscx.jpg,3
wbbdkhlxvx.jpg,5
mmcwggtzjj.jpg,3
jyupmircub.jpg,3
fnjgzjlcjg.jpg,5
zytxneutel.jpg,2
zkwdpeqjyd.jpg,2
ckbyjbowcz.jpg,3
bnqqufmwlk.jpg,2
acmkaikbpj.jpg,0
ukyhpfxonu.jpg,2
ddkejvaiho.jpg,3
cihtgppkhc.jpg,4
jfthskumzg.jpg,5
dmrsjudteb.jpg,3
zlrmzrvwvq.jpg,3
djkkpayakw.jpg,2
txpdwayyea.jpg,2
ejgdtxyvlh.jpg,0
wfhiaryjim.jpg,0
vvdkqcpcsb.jpg,5
ahillielqf.jpg,5
odfrzrqphs.jpg,2
nscevluvvr.jpg,5
ekffifzcqm.jpg,1
ktcegicell.jpg,3
mncluwolqs.jpg,2
xncxieeqkf.jpg,2
ynubarrwpg.jpg,3
znajvratjj.jpg,2
ihtcrkmzuc.jpg,2
lsjnydkdku.jpg,5
fhmtmsdwrp.jpg,3
beybmywnns.jpg,0
ytisrgpxrt.jpg,3
hgmksfdfyw.jpg,2
flrnwtbixt.jpg,2
jpctccoqbr.jpg,3
gjqolmfiym.jpg,5
uuuftxznhh.jpg,3
twerpxrohs.jpg,5
agvmnngayl.jpg,2
oinndkltmm.jpg,3
xvzjjisnlr.jpg,2
gbvbnopjny.jpg,5
etdeymbdfz.jpg,2
dfbsgloscz.jpg,2
lnxvfhuulp.jpg,2
xmfkgfbthd.jpg,0
nlvelmgyti.jpg,0
vxkppipwmi.jpg,2
wiwwmgixxk.jpg,0
dbgoacylhp.jpg,2
idwmlxdmop.jpg,5
jmfoyvoaxn.jpg,5
buxqrkcuor.jpg,3
hnqjmewzlm.jpg,4
cehtcthaba.jpg,2
bepjxpjpvk.jpg,2
dqnhmdfphd.jpg,2
fibrfkkumx.jpg,0
iphpnynqsc.jpg,0
qczkdsjiiy.jpg,2
taqiltuaco.jpg,3
hsymwtbury.jpg,3
tbmqljczyg.jpg,4
xapmaeqhaf.jpg,4
dgspoiibba.jpg,3
jiqxwncenf.jpg,5
mbsidutowl.jpg,5
ksqydieloc.jpg,3
clgyrpttwi.jpg,4
hshmcrorew.jpg,5
oxhgvrtqwy.jpg,5
ykfeimjgno.jpg,2
zntxlznxge.jpg,3
dsltrqujwv.jpg,5
efpnynfdss.jpg,1
itlhiwhvgw.jpg,0
dchueihrto.jpg,1
mexxtmkpcd.jpg,3
tborkgneql.jpg,3
cwovkwczat.jpg,3
ixrqracrii.jpg,0
ehpudesdma.jpg,5
myscimjsnw.jpg,5
iiyfnaclxu.jpg,5
vxhwsekuro.jpg,3
ftcopraqki.jpg,2
ylbijdjeld.jpg,2
tqleliqhjn.jpg,3
bpwzyqcfxv.jpg,2
uduorpvmfb.jpg,1
qakyjxbqkh.jpg,0
fbisjfczuo.jpg,0
qidxigmnbn.jpg,5
fxpptwdrdu.jpg,3
xezqpqfuup.jpg,2
nqctkqfbak.jpg,4
phdpzypuwl.jpg,1
fntpnlgher.jpg,3
mfklnhfhit.jpg,3
bznwnmeiku.jpg,0
ublkgiixww.jpg,4
uaqcndocvm.jpg,0
klpkgasbex.jpg,4
ljoqgesxam.jpg,2
qxvoozywvc.jpg,2
palmlpzkty.jpg,5
ckxvkoazqt.jpg,3
hakfkhoksl.jpg,2
adeevfnhdo.jpg,5
wfwaurhzkl.jpg,5
lzbbpytvww.jpg,4
dzvkloecov.jpg,4
sqehvmqucc.jpg,2
tcirrrqfte.jpg,1
fvumrplchh.jpg,2
fpbmuvjvzg.jpg,2
fblvojdqha.jpg,0
kicgxnbhko.jpg,2
kgyskmfayx.jpg,2
wxznuvmgey.jpg,3
milmshkait.jpg,4
eqrxnlxltz.jpg,5
eyskerxunp.jpg,3
urybwhedfi.jpg,5
uguuzywjfv.jpg,3
evtxtestfh.jpg,0
rylnnukdik.jpg,1
kbsilwnuyx.jpg,2
nkthhlghne.jpg,5
ozhltiwfvz.jpg,2
eemcrmeibm.jpg,0
unjxwqfwjl.jpg,2
fcnccutbqz.jpg,0
iqswnbrawj.jpg,3
kjlakvugym.jpg,5
jeuunesjou.jpg,0
iesaqlvxlr.jpg,3
rnrtysnbvb.jpg,0
zmiqoampjt.jpg,5
kqbghnucvv.jpg,0
kueqjxdiyx.jpg,2
eyuxzxoihk.jpg,2
gmqjsubeou.jpg,5
rjedookdgz.jpg,3
lzzsjlidbz.jpg,5
ghqwebxbdf.jpg,3
